,name,uri,genres
0,I Love This Life,5d0iu7Mc64GwJIMBGjDt2U,"['contemporary country', 'country pop', 'country rap', 'country road', 'modern country rock']"
1,Sunday Morning,0BzIw053LdsgAu8Sb1baIn,"['contemporary country', 'country', 'country pop', 'country road', 'modern country rock', 'modern uplift']"
2,Sun Daze,0El2Zyt68nYySFDG87hZgM,"['dance pop', 'hip hop', 'pop rap', 'rap', 'southern hip hop', 'st louis rap', 'urban contemporary']"
3,"Courtesy Of The Red, White And Blue (The Angry American)",0M7mWKqwTIaVjYyxfZmtTa,"['contemporary country', 'country', 'country road', 'oklahoma country']"
4,Loving You Easy,4ieqNz8S9pvnA0inetRkE3,"['contemporary country', 'country', 'country road', 'modern country rock']"
5,"Speakers, Bleachers And Preachers",0Is6MRHWKe7y2xIxDkvO6l,"['contemporary country', 'country pop', 'country road', 'modern country rock']"
6,Power of Positive Drinkin',3yww2zhTK6xJuVGtn6oHNY,"['contemporary country', 'country', 'country road', 'modern country rock']"
7,I Don't Want This Night To End,0cV4xwUA4ue2deqq4CZFko,"['contemporary country', 'country', 'country road']"
8,Broken Halos,06gD2ZtK3Dzc1BYqWExQJJ,"['contemporary country', 'outlaw country']"
9,Hotel Key,33471tzU1VghDg9zNgGRpz,"['contemporary country', 'country', 'country road']"
10,Night Shift,0bPnT6i9H1p8Vd85GS6Z7I,"['contemporary country', 'country', 'country road', 'modern country rock']"
11,Most People Are Good,79LAFAkR1ATb4iIQvZuCL0,"['contemporary country', 'country', 'country road']"
12,Tequila,7Il2yWQmsqKgSkLQvHTPUI,"['contemporary country', 'country', 'pop']"
13,Small Town,2HsjJJL4DhPCzMlnaGv7ap,"['album rock', 'classic rock', 'country rock', 'folk rock', 'heartland rock', 'mellow gold', 'pop rock', 'rock', 'singer-songwriter', 'soft rock']"
14,Born to Love You,77a5Eu7lC3tG0Sukt2O91U,"['contemporary country', 'country pop']"
15,Simple,4P92FrvmYQSAfOpp4cpFEi,"['dance pop', 'hip hop', 'pop rap', 'rap', 'southern hip hop', 'st louis rap', 'urban contemporary']"
16,Colorado,3tPBJEpMATWJnltCnJD7JC,"['dance pop', 'hip hop', 'pop rap', 'rap', 'southern hip hop', 'st louis rap', 'urban contemporary']"
17,Sixteen,3pJkBPHadRAxBBo484RipI,"['contemporary country', 'country', 'country road', 'modern country rock']"
18,Nowhere Fast,6arLnfArtdWKOcCYzDd4rS,"['contemporary country', 'country', 'country road']"
19,Shotgun Rider,3LbvNFkqDTrE1liGMmZBDL,"['pop', 'post-teen pop']"
20,Where The Green Grass Grows,7notvUHdzgdCftnTNuUzvF,"['pop', 'post-teen pop']"
21,Just To See You Smile,06YGnGRD3zbVQyrlZeV5pQ,"['pop', 'post-teen pop']"
22,Top Of The World,06s2xqfSDROCIhzxH5Hsu6,"['pop', 'post-teen pop']"
23,Whiskey Glasses,3hcuw44nHQY18cmidrDadf,['contemporary country']
24,Get Along,6n6OQfBpCgzF9oEg8zhBN7,"['contemporary country', 'country', 'country road']"
25,Up All Night,3yYTDppf1ycYtpPuX46xQh,"['contemporary country', 'country', 'country road', 'modern country rock']"
26,Burning Man,4a1oIihVt6xSnDRpgX387M,"['contemporary country', 'country', 'country road', 'modern country rock']"
27,Midnight Lovers,2FFifx7RRzlmDLW3e1m4rw,"['contemporary country', 'country pop', 'oklahoma country']"
28,You're In It,3K1FNPp9ADkE4ouWez9du2,"['contemporary country', 'country', 'country road', 'modern country rock', 'redneck', 'texas country']"
29,The Gator Boys - iHeart Radio Live,3JytWoahv6KtM057egDVqR,"['contemporary country', 'neo-traditional country', 'texas country']"
30,Texas Lullaby,53rP0JKz6J3U1H6rIwBwjM,"['contemporary country', 'country', 'country road', 'modern country rock', 'red dirt', 'texas country']"
31,Kiss That Girl Goodbye,41ArcO4X1q718v1v7DeDS6,"['contemporary country', 'country', 'country road', 'modern country rock', 'red dirt', 'texas country']"
32,One Man Band,3ksmU0DaEUMEVzx5V6cc3z,"['contemporary country', 'country', 'country road']"
33,Every Little Honky Tonk Bar,64Zm9wNGj6coqg4zsb0Soj,"['contemporary country', 'country', 'country road', 'country rock']"
34,You Look So Good In Love,5BYOLEoFD1fWokKncxz7BQ,"['contemporary country', 'country', 'country road', 'country rock']"
35,Should've Been A Cowboy,4EDBgrYqYQ6b50yhJWKsHp,"['contemporary country', 'country', 'country road', 'oklahoma country']"
36,Just Another Day In Paradise,4LlNoNZflek4hZyZigCxpW,"['contemporary country', 'country', 'country road', 'modern country rock']"
37,Beautiful Crazy,2rxQMGVafnNaRaXlRMWPde,['contemporary country']
38,I Love This Bar,2EZWdLnLPwL97JcfNlBoM1,"['contemporary country', 'country', 'country road', 'oklahoma country']"
39,Check Yes Or No,6iy4PoAuZBMvtrlDX4VxC7,"['contemporary country', 'country', 'country road', 'country rock']"
40,She Used to Be Mine,2scXasE5PQEMreCBQNfUSv,"['contemporary country', 'country', 'country road', 'country rock']"
41,Dust On The Bottle,0Xg68XXMRWzKQvD5S6BFvI,"['contemporary country', 'country', 'country road', 'country rock', 'modern country rock']"
42,Diamond In My Pocket,24Nt4OalWDICkEKVy81X6k,"['contemporary country', 'country', 'country road', 'texas country']"
43,Lonely For You Only,7B9VK5iBDUVZW8o66DyU8f,"['contemporary country', 'neo-traditional country', 'texas country']"
44,Drinkin' Problem,1vBpwxsLVwaR4evBIaFmqD,"['contemporary country', 'neo-traditional country', 'texas country']"
45,At Least You Cried,6y0mAMhVwWpbqQyWeBWDbp,"['contemporary country', 'neo-traditional country', 'texas country']"
46,Burn Out,7yrJnekdlwWARt5lmVqJ6L,"['contemporary country', 'neo-traditional country', 'texas country']"
47,Wake up Loving You,1E1LaXgZRkBOljpGXtlR7B,"['contemporary country', 'country', 'country road']"
48,If You Ain't Here To Party,7mu21H4g5sGUX7n3tGsGig,"['contemporary country', 'country', 'country road']"
49,Beer Can,5k8m3ZCp3AP4TKd2IKzKO8,['contemporary country']
50,Mr. Lonely,3sEa95MTLJ8JcoP5A97bWl,"['contemporary country', 'neo-traditional country', 'texas country']"
51,Break Up in the End,5Z19ylxppfnfdP4JH0u8oj,"['contemporary country', 'country', 'country road', 'modern country rock']"
52,Boys 'Round Here (feat. Pistol Annies & Friends),39FwE8edwuyiaa4PrGBkP7,"['contemporary country', 'country', 'country road', 'oklahoma country']"
53,Mr. Misunderstood,79dlQxvdsCDApoM8XChkpy,"['contemporary country', 'country', 'country road']"
54,Knives Of New Orleans,3QYXgYgff77dt42xLnhUaf,"['contemporary country', 'country', 'country road']"
55,I Met a Girl,4WtkYdCG4n80h08Ep5SmDI,"['contemporary country', 'country pop', 'modern country rock']"
56,That's Why God Made Mexico,3T0Q0Lq00xlDtelL6iQ0kf,"['pop', 'post-teen pop']"
57,Watch The Wind Blow By,6Os7cO6a6UeglnpIKidRjh,"['pop', 'post-teen pop']"
58,Out Of Sight,1pxdS67xTNTsxDtGzDOiv7,"['contemporary country', 'neo-traditional country', 'texas country']"
59,What Happens In A Small Town,3g9OCNXY2aSbGRQGY17qVE,"['contemporary country', 'country', 'country road', 'modern country rock', 'redneck']"
60,Knockin' Boots,6ERR6e7h6wCqGoz1TjiUJb,"['contemporary country', 'country', 'country road']"
61,Dive - Recorded At Sound Stage Nashville,2VWBdFsDJVGlRTdz4PvYwy,['contemporary country']
62,Castle On The Hill - Recorded at Sound Stage Nashville,71R7NckyIlOd8fJzoZIJfR,"['contemporary country', 'country', 'country road', 'modern country rock']"
63,East Bound And Down,5JelBZwTfs9LZAUbeeVbqd,"['contemporary country', 'neo-traditional country', 'texas country']"
64,This Old Heart,35sSKJFvWxfNCfZFsWoBy2,"['contemporary country', 'neo-traditional country', 'texas country']"
65,Tougher Than The Rest - Recorded At Sound Stage Studios Nashville,76v3BntynHQflWb5ptBgV4,"['contemporary country', 'neo-traditional country', 'texas country']"
66,Drink A Beer,3Qj2YJB1KmgXr5SutGokdb,"['contemporary country', 'country', 'country road']"
67,All My Friends Say,539dFCMA8lfEElDPgGpcIB,"['contemporary country', 'country', 'country road']"
68,Friends,5cWU0i23BOS8pSwrYWEMS8,"['contemporary country', 'country', 'country road', 'oklahoma country']"
69,Don't Tempt Me,2JPgcccyZ938uv9AjCGMWq,['contemporary country']
70,Fix a Drink,0s6OWiWGuiCcm1Muzch5A8,"['contemporary country', 'country', 'country road', 'modern country rock']"
71,Love Ain't,6uVzeU47Qzg0rrMneP5BNg,"['contemporary country', 'country', 'country road', 'heartland rock', 'modern country rock', 'pop rock', 'texas country']"
72,Drunk On You,3b7CDTKB0SRTmQ6ytYi5vZ,"['contemporary country', 'country', 'country road']"
73,Living,54K7AZoGpQklpygKrxZlKN,"['contemporary country', 'country', 'country road', 'modern country rock']"
74,Some Of It,3d1qN7AHge6BXuVPutcpI5,"['contemporary country', 'country', 'country road']"
75,Goodbye In Telluride,3CJEbmr6W4evGStck6Whdw,"['contemporary country', 'country', 'country road', 'modern country rock']"
76,This I Gotta See,4UPXcMdyBzvNFNycwQaO7i,"['contemporary country', 'country', 'country road']"
77,Tip of My Tongue,40ufL61vEaDaaOitYhnlQ7,"['contemporary country', 'country', 'country road']"
78,You Make It Easy,2ZxTjs4EdJl4Y9YByIiNoo,"['contemporary country', 'country', 'country road']"
79,My Religion,7BK6xn13rJRZ4OCbvAszUk,"['contemporary country', 'country', 'country road', 'modern country rock']"
80,Grow Old,14KAAbogyA9EJjYUyOJrRB,"['dance pop', 'hip hop', 'pop rap', 'rap', 'southern hip hop', 'st louis rap', 'urban contemporary']"
81,That Old Truck,0kjnvAqQvdjN69aDTGlceq,"['contemporary country', 'country', 'country road', 'modern country rock']"
82,Kiss Tomorrow Goodbye,4ZF2WDTBVFihfTkxfme8JE,"['contemporary country', 'country', 'country road']"
83,How Am I Doin',3bvr2R5FUjrC3orh47Qe5V,"['contemporary country', 'country', 'country road', 'modern country rock']"
84,"Woman, Amen",3nBXOlFTADNvG9nkqy2O2W,"['contemporary country', 'country', 'country road', 'modern country rock']"
85,One Way,47kgihttYKK8KuydjaOPZP,"['contemporary country', 'country', 'country road', 'modern country rock']"
86,Travelin' Light,0EcxKmWwogn7f51Z0UHFQd,"['contemporary country', 'country', 'country road', 'modern country rock']"
87,How I'm Going Out,5dacKGUQ1xTS596919Agv0,"['contemporary country', 'country', 'country road', 'modern country rock']"
88,Knee Deep (feat. Jimmy Buffett),1yEwEiTpsaPhQi9lb5EVV4,"['contemporary country', 'country', 'country road', 'modern country rock']"
89,Why Don't We Just Dance,2p07VcUwRZ5sru3mJ0JogS,"['contemporary country', 'country', 'country road', 'modern country rock']"
90,American Remains,4REjaHRPmVb7btssqChJSy,"['country rock', 'outlaw country']"
91,Brother Jukebox,1Ov6koHfZL43pGCDdfIoHf,"['contemporary country', 'country', 'country road', 'country rock']"
92,It's A Great Day To Be Alive,3oW6SWwGqiZSPTiAp7ZQoH,"['contemporary country', 'country', 'country road', 'country rock', 'outlaw country']"
93,Meet In the Middle,7lUE02KHkZM44BZgjCaWRO,"['contemporary country', 'country', 'country road', 'country rock']"
94,Small Town Southern Man,5ExWY6ojo1Qm3rC7iaEqx2,"['contemporary country', 'country', 'country road']"
95,Drive (For Daddy Gene),1FV374EPG5CrjdIbIMLkcv,"['contemporary country', 'country', 'country road']"
96,Take It Easy - 2006 Remaster,1UEKaf3j6eXeNbySz761lc,"['contemporary country', 'country', 'country road', 'country rock', 'outlaw country']"
97,The Good Stuff,1sR3kJi14jA8Gau3a0yXAo,"['contemporary country', 'country', 'country road']"
98,Even Though I'm Leaving,3sVLgsSTHRu483w6QciloO,['contemporary country']
99,It's A Little Too Late - 1996 Greatest Hits Version,0D5L0ZxGyhEFTqhfiXwYxw,"['contemporary country', 'country', 'country road', 'country rock']"
100,Free And Easy (Down The Road I Go),4Ng7hGdPwpINleVecBWiOO,"['contemporary country', 'country', 'country road', 'modern country rock']"
101,Heartache On The Dance Floor,0w3Q14i073jLoew1hgJkwD,"['contemporary country', 'country', 'country road', 'modern country rock']"
102,Mysteries of the World,4i03jcO0O06RWfddcDlQoO,"['contemporary country', 'country pop']"
103,Wagon Wheel,3xdjjKMcMOFgo1eQrfbogM,"['contemporary country', 'country', 'country road', 'modern country rock']"
104,Drunk On A Plane,1soxUgYIZb1qx1c7o1Lc7z,"['contemporary country', 'country', 'country road', 'modern country rock']"
105,Give It All We Got Tonight,19PJ75UGKjpBo0muDNyxPW,"['contemporary country', 'country', 'country road', 'country rock']"
106,Wrapped,1FWAB1KZHJnAeET0288xha,"['contemporary country', 'country', 'country road', 'country rock']"
107,Amarillo by Morning,5UfrL0h1wJEiUBDyMnW4F5,"['country pop', 'red dirt', 'texas country']"
108,Some People Do,4GQ1I4CgivCwZFjyTz0Y6x,"['contemporary country', 'country', 'country road']"
109,Rumor (Bryan Todd Remix),1nBJxJ5aI1jWjcw731YwHe,"['contemporary country', 'country', 'country road', 'modern country rock']"
110,My Heart Is a Bar,6ZAKFP9hbfAoMl39BikwGF,"['contemporary country', 'country', 'country road']"
111,People Are Crazy,5JnLiuMgRAWoHYOhatFP3s,"['contemporary country', 'country', 'country road', 'modern country rock']"
112,Little Bit of Life,1jSZ1IETySh2kDTnyfIE0I,"['contemporary country', 'country', 'country road', 'modern country rock', 'redneck']"
113,I Wish Grandpas Never Died,7Dxes6VnfbZYV0S2QTnVuT,"['contemporary country', 'country road']"
114,Georgia Time,5XqHOqbjKb7YsQV6f3eGeD,"['contemporary country', 'country road']"
115,This Is It,34DFpyq5NJJ79GnGbbJH3p,"['contemporary country', 'country', 'country road', 'modern country rock']"
116,Blue Collar Boys,0KtxdSPi1ZbDc3wwD2IGF0,['contemporary country']
117,Better Together,1tSGw3h54aHModEHHL1HGK,['contemporary country']
118,Nothing Like You,5ppDdMho96v8gdDm7HKEbK,['contemporary country']
119,"1, 2 Many",6pgN3d6oBrhmrSAKBfWNsf,['contemporary country']
120,What You See Is What You Get,1xIgz2QjA85ZpXiIoj6mMo,['contemporary country']
121,A Long Way,3z1QH1O1h15lFROjcECqgi,['contemporary country']
122,Chasin' You,5MwynWK9s4hlyKHqhkNn4A,['contemporary country']
123,Break Up More Often,6FpSqJRS0786oDMKIDqISd,"['contemporary country', 'country road']"
124,Blessings,7dnDBbHKyJNFXoeVwO8KBY,"['dance pop', 'hip hop', 'pop rap', 'rap', 'southern hip hop', 'st louis rap', 'urban contemporary']"
125,Chattahoochee,59kHPbwyyCApYA8RQQEuXm,"['contemporary country', 'country', 'country road']"
126,"Big, Big Plans",7yNJCsUH3tXlpQiHSsAc5l,"['contemporary country', 'country road', 'modern country rock']"
127,America's Sweetheart,2NcstvY8H9PVQ0DMNGHckh,['modern blues rock']
128,I Just Wanted You To Know,39KHPb4hftle7NNR9F1OIR,"['contemporary country', 'country', 'country road', 'country rock']"
129,Speak to a Girl,421ebjYqaIXEG2KloTbXlH,"['pop', 'post-teen pop']"
130,She Gone,4HdB6veTsV8GTmw9H6svyU,"['contemporary country', 'texas country']"
131,"Take Me Home, Country Roads",39q7xibBdRboeMKUbZEB6g,"['adult standards', 'classic country pop', 'folk', 'folk rock', 'mellow gold', 'soft rock']"
132,Tequila Little Time,15npbUjCgwt2lRvyrJvyxw,"['contemporary country', 'country', 'country road', 'modern country rock']"
133,Buy That Man A Beer,4wNVYLmFhhBIhBeA2VgmJ4,"['contemporary country', 'country', 'country road', 'modern country rock']"
134,Nobody Leaves A Girl Like That,7eZ8yGicfHsHQmAWwupaY3,"['contemporary country', 'country', 'country road', 'modern country rock']"
135,Starlight,2DROU2PMffuPfU5obZRxZs,"['contemporary country', 'country', 'country road', 'modern country rock']"
136,Me And Jack,6dHvwnHL84SuSbzzzZGbVP,"['contemporary country', 'country', 'country road', 'modern country rock']"
137,Old Hat,2BNTOqv1zDZbItHIiuUKWf,"['contemporary country', 'country', 'country road', 'modern country rock']"
138,Cold Hearted,3X2D7YigBKJwSqttC2abyg,"['contemporary country', 'country', 'country road', 'modern country rock']"
139,Party Crowd,57IEs29xqMQaAkjQ8iQuI0,"['contemporary country', 'country', 'country road', 'country rock', 'modern country rock']"
140,Mud On the Tires,2rQyI7A1yTvTXJ9J4qFmmN,"['contemporary country', 'country', 'country road']"
141,Used to You,2HR9wF4WR2sCJP4r6l9WVF,['contemporary country']
142,Fast Hearts And Slow Towns,6DhHbeKjXAwsyeMpm6FigK,"['contemporary country', 'neo-traditional country', 'texas country']"
143,Altitude Adjustment,4XSLXwwLskeFy1k6ec4tBg,"['contemporary country', 'neo-traditional country', 'texas country']"
144,Somewhere On The Wind,7kISgr6Y51hKENX23gXu2L,"['contemporary country', 'neo-traditional country', 'texas country']"
145,Brand New Man - with Luke Combs,6SewJZC2f9ETwJR2zZWkOP,"['contemporary country', 'country', 'country road', 'country rock']"
146,Summer Nights,27rSEMh30XdxOgQX7AKSaM,"['contemporary country', 'country', 'country road', 'pop rock']"
147,What I See,4zLh511JiWkVxr5QOUkeVR,"['contemporary country', 'country pop']"
148,American Nights,6B4LAyly39cv8Cat9nHObl,['contemporary country']
149,Monsters,55UCRHfezMCFfbGy0tfjTG,"['contemporary country', 'country', 'country road']"
150,I Got Away with You,5FUKOLrwBWkUzJ0Du3dm5T,['contemporary country']
151,Rainy Night Song,1F1E5k7UZpbNpByURm6Xgd,"['contemporary country', 'country', 'country road', 'modern country rock']"
152,Back On The Backroads,6rDaYgIdP4qDRYpUlOnlLV,"['contemporary country', 'country', 'country road', 'modern country rock']"
153,Gettin' You Home,28Sc21lrWcZD9Ov4rRkPJq,"['contemporary country', 'country', 'country road', 'modern country rock']"
154,Panama Red,2SMBD7vVSuoWLBqdst7TtA,"['banjo', 'bluegrass', 'country rock', 'jam band', 'jamgrass', 'old-time', 'progressive bluegrass']"
155,I Know She Ain't Ready,0TQ9Hf5DwI9crGZSIlq445,['contemporary country']
156,Beyond (feat. Luke Combs) - Live,05zt3H2jdG0MA1V6Q2t2Et,"['modern blues', 'soul']"
157,Fightin' The Fool,24smp7WNaOXqCEDDVjgeK6,"['contemporary country', 'country', 'country road', 'modern country rock']"
158,Borrowed Time,3kPWlLtHjP0jO18AaPQzsz,"['contemporary country', 'country', 'country road', 'modern country rock']"
159,Old Glory,3HQrXNeMmLrQvTqbmrl1J8,"['contemporary country', 'country', 'country pop', 'country road', 'modern country rock', 'redneck']"
160,Kids In The South,5gGPTjXzDNqtBkCs74RIUQ,"['contemporary country', 'country', 'country pop', 'country road', 'modern country rock', 'redneck']"
161,This One's for You,02Ey48n33H3erWJRZAtTFj,['contemporary country']
162,On My Way to You,3OjNkFFZavF89xvRqWCXmU,"['contemporary country', 'country', 'country road', 'texas country']"
163,Dear Rodeo,5S8TnsIYMVrUg1bKxiGf6e,"['contemporary country', 'country', 'country road', 'texas country']"
164,Monday Morning Merle,5FYdyPcP06Xi0KBjF7re5o,"['contemporary country', 'country', 'country road', 'texas country']"
165,Dear Today,7j3aRaky6Xr1fpuqmB3s4w,['contemporary country']
166,Does To Me (feat. Eric Church),17TSJlshgQ5zu0e8dedAla,['contemporary country']
167,Reasons,4T6QFouj6rIQObxgwt9ELL,['contemporary country']
168,Missin' You Crazy,3rYOzxOIYjq2hXPRFjCQ2v,"['contemporary country', 'country', 'country road', 'modern country rock']"
169,Trash A Hotel Room,1HdrHZQ620XujjLf4SDYg9,"['contemporary country', 'country', 'country road', 'modern country rock']"
170,Write You A Song,0OaMDKHLCkUNVnxvQbaiDQ,"['contemporary country', 'country', 'country road', 'modern country rock']"
171,This One's for You,7C5jpdJ6XQhK5Qh96SqB1d,['contemporary country']
172,Outlaws Like Us,6vdkRkomwx3z7BR1W0AcO7,"['contemporary country', 'country road']"
173,You Already Love Me,6khYfrHhcx6E8YDGKsUPNy,"['contemporary country', 'country', 'country road', 'oklahoma country']"
174,"Lover, Lover",5UzU0qw21okODBNUnxptVo,"['contemporary country', 'country', 'country pop', 'country road', 'modern country rock', 'redneck']"
175,So So Long,0EaBW4njQejxDNg0rzZo3o,"['contemporary country', 'country', 'country road', 'modern country rock']"
176,Hungover & Hard Up,5x0vtnEd0Opk7hZmWLvbFS,"['contemporary country', 'country', 'country road']"
177,Heading South,2c8WbESPtql9rRE2lB9Wwl,['oklahoma country']
178,Had Me By Halftime,3xca35T5BVLg4ePuVzc7wW,['contemporary country']
179,All Your'n,0fCwTrRNfoNk962ati8n2K,"['kentucky indie', 'kentucky roots', 'outlaw country']"
180,When I've Been Drinkin',59O0lOCAMdBugXQrEGR6A6,"['contemporary country', 'country', 'country road', 'modern country rock']"
181,"One Beer (HARDY feat. Lauren Alaina, Devin Dawson)",5FmvaZGd6fulojSToozLRD,['contemporary country']
182,"Y'all People - Dedicated to the ""CoJo Nation""",0wjaq05IUF3dVHNnYXjg8O,"['contemporary country', 'country', 'country road', 'texas country']"
183,Talk To Me Right,4QbPdzir5WY3Moq2X0UrG9,"['contemporary country', 'country', 'country road', 'texas country']"
184,Every Dog Has Its Day,3NlRw4geKm0ltghT1zrTx2,"['contemporary country', 'country', 'country road', 'oklahoma country']"
185,Colder Weather,6PEZpZIS4uygvUoLX1Dm4C,"['contemporary country', 'country', 'country road', 'modern country rock']"
186,I've Been Better,01RR3tSGpk00yAltBopvYn,"['contemporary country', 'country', 'country road']"
187,Drunk Americans,799mKKcXcpcJcbBZzrnyAp,"['contemporary country', 'country', 'country road', 'oklahoma country']"
188,I Hope That's Me,7BANaqYpeM80lMJAszNUh9,"['contemporary country', 'country', 'country road']"
189,Heart Like A Wheel,4bXo5s1XC6w9tLyOKykxSz,"['contemporary country', 'country', 'country road']"
190,Homemade,31JID2STTlLuFqXFWHyM8e,"['contemporary country', 'country', 'country road', 'modern country rock']"
191,You're Gonna Miss This,7Efs0OIW6zgQyH7ehKZYpN,"['contemporary country', 'country', 'country road', 'country rock', 'modern country rock', 'redneck']"
192,Watching You,5OusUgzHz6Ulb3GZT7WUo5,"['contemporary country', 'country', 'country road', 'modern country rock']"
193,What I Almost Was,1BGeARBsKpOjeNACiu6ZSZ,"['contemporary country', 'country', 'country road']"
194,Deeper Than the Holler,3xx0jE52PbtvwXgNaBUdch,"['contemporary country', 'country', 'country gospel', 'country road', 'country rock']"
195,Goin' Goin' Gone,40tuNJI1oMnRmg8esXBNBC,"['contemporary country', 'country', 'country road', 'country rock']"
196,What Are You Listening To?,3KZw9g7PNBBx66sHNqme6Z,"['contemporary country', 'outlaw country']"
197,If I Could Do It Again,33m6cNCpgX3oKb8xBH7iyk,"['contemporary country', 'country road', 'modern country rock']"
198,She Likes the Beatles,38iGqJQPZcTYNx6bdR5YWC,"['red dirt', 'texas country']"
199,She's Like Texas,7k0ahlHosIWblaaIsEqJ8M,"['contemporary country', 'country road', 'modern country rock', 'red dirt', 'texas country']"
200,Birds,5J6EE1wlwZbMB4MBndUGEC,"['modern southern rock', 'outlaw country', 'texas country']"
201,21 Summer,483beWfErq5MZAvC0fJ7cr,"['contemporary country', 'country', 'country road', 'modern country rock']"
202,Who You'd Be Today,5Vkdh8GfdXmwyJjzPewMWM,"['contemporary country', 'country', 'country road']"
203,White Trash Story,6h0FOQxhnq0iqVsf0I9WsZ,"['contemporary country', 'texas country']"
204,Burning House,1EPmjXdSdJgP08mrrmnw7h,"['hip hop', 'rap', 'trap']"
205,Cold Beer Calling My Name,3dV1fjKOlLnaNK5MeZHXGv,"['contemporary country', 'country pop']"
206,Must've Never Met You,6ojicjDYUUoeE1tdSvfFo4,['contemporary country']
207,One Of Them Girls,14GwnOeC9qYEKEA6uOZepa,"['contemporary country', 'country', 'country road', 'modern country rock']"
208,More Than My Hometown,6FniJZn4agmDtPx1pKZQsa,['contemporary country']
209,Nothin' on You,5ggoxc2dhlFjListerctlA,"['contemporary country', 'country', 'country road', 'texas country']"
210,Friendship,2ZAqfeq7PMp7XA2IKhuJJ2,"['contemporary country', 'outlaw country']"
211,A Simple Song,1XXl9pl7ObojHbyJetY75n,"['contemporary country', 'outlaw country']"
212,Gabrielle,1o0UHbEDYCCpzz8cVQfWxp,"['contemporary country', 'country', 'country road', 'modern country rock']"
213,Crowd My Mind,4kcaTWjTBgs9muGQCo8524,"['contemporary country', 'country', 'country road', 'modern country rock']"
214,Six Feet Apart,3aMUiKCIXJeurR5ppEMJZD,['contemporary country']
215,The Reason,22iS24vqgM9Cq8uQM7niiI,"['contemporary country', 'country', 'country road', 'modern country rock']"
216,Better Than Me - Acoustic,6YXdG7miTivRYzcIB0FhJb,"['contemporary country', 'country road']"
217,Good Lord Lorrie,0pghPocTwFg6ckBUs52SQ8,['red dirt']
218,Ballad Of A Southern Man,6P7kZB7hSJFyaYJcu3cYQJ,"['modern southern rock', 'texas country']"
219,What Kinda Gone,7uPReljrrTaqzDCcx4JHmi,"['contemporary country', 'country', 'country road', 'modern country rock']"
220,Boy,7A8OfzqXBHYGk61FZTHoeo,"['contemporary country', 'country', 'country road', 'modern country rock']"
221,Leaving Love Behind,1rdyEsdv6qJ7VNz96BdeIS,"['contemporary country', 'country', 'country road', 'modern country rock']"
222,Beer Can’t Fix,7idmHTAQQPUFqdjXkoooXD,"['contemporary country', 'country', 'country road', 'modern country rock']"
223,"SIGNED, SOBER YOU",3hdh8HHhZyhO5oqDjjKVAn,['contemporary country']
224,He Went To Jared (HARDY feat. Morgan Wallen),65IHmBagtQrYRcJd8a47zv,['contemporary country']
225,I'm Gonna Miss Her,4ipZsAA3YuqCDSXiPoEGIv,"['contemporary country', 'country', 'country road']"
226,THROWBACK,7fToSlGPKlugVUCAZWvydi,['contemporary country']
227,"Redneck Tendencies (HARDY feat. Trace Adkins, Joe Diffie)",1lYBlgWcwRqZ6T5syEATJJ,['contemporary country']
228,"My Kinda Livin’ (HARDY feat. Hunter Phelps, Jameson Rodgers)",17E5XweAlvnU7pkghMgvMs,['contemporary country']
229,Somewhere That You Don't Go,25svSblU0qyzxt2WdszcFZ,"['contemporary country', 'country pop', 'country road', 'modern country rock']"
230,Matagorda Bay,2kUim3eBMnbwb81ckdEhIc,"['contemporary country', 'country road', 'modern country rock', 'red dirt', 'texas country']"
231,Bottom Of The Fifth,4lvjgZAas0ZZ9dVKkmQShx,"['country pop', 'country road', 'modern country rock', 'red dirt', 'texas country']"
232,Here And Now,0NSwXfEWMG7HIRvXioGu03,"['contemporary country', 'country', 'country road']"
233,Be A Light,5o6dFqafETxZNqUFt9ZqAC,"['contemporary country', 'country', 'country road', 'modern country rock']"
234,Almost Maybes,14JFKtBSqefxfMiKhq6JT8,['contemporary country']
235,WHERE TO FIND ME,5OeF6XbsPBDmhKXD30CKEZ,['contemporary country']
236,God And Country Music,4RldvvNaEdteK2I0y6NWTR,"['contemporary country', 'country', 'country road', 'country rock']"
237,Country Boy Things,0CyhPM6R3S6IckZurbV1YT,"['contemporary country', 'country', 'country pop', 'country road', 'modern country rock']"
238,Hole In A Bottle,2QtZvpEiGKqcwMsF1tUW7B,"['contemporary country', 'country', 'country pop', 'country road', 'modern country rock']"
239,Whiskey Kinda Night,2pM6ikjdrBd1Dvr8AVGzr3,"['contemporary country', 'country pop', 'modern country rock']"
240,Everywhere But On,0ifYeH4gNXEyba41xr3I1w,"['arkansas country', 'contemporary country', 'country pop']"
241,BOOTS,5d9nNDxhtF99CgFfKm6NK5,['contemporary country']
242,Phone Call to God,3oSyemHgjMoHqW85EuclSb,"['contemporary country', 'country', 'country road', 'modern country rock']"
243,Sunshine & Whiskey,6aNwDe5YH5YUPlpHkku52w,"['contemporary country', 'country', 'country road', 'modern country rock']"
244,Wild World,0T9CT1kycRdeWTyy5EkmWc,"['contemporary country', 'country', 'country pop', 'country road', 'modern country rock']"
245,Runnin' Outta Moonlight,6enPOmd3vSFpI4jjms8kXN,"['contemporary country', 'country', 'country road', 'modern country rock', 'redneck']"
246,Church Bells,67citk3uzWs5qbaIVKTeg8,"['contemporary country', 'country', 'country dawn', 'country road', 'oklahoma country', 'post-teen pop']"
247,Before He Cheats,0ZUo4YjG4saFnEJhdWp9Bt,"['contemporary country', 'country', 'country dawn', 'country road', 'oklahoma country', 'post-teen pop']"
248,Honky Tonk Highway,6Xc2ppeXCBZbwuCcaRDrdn,['contemporary country']
249,Cover Me Up,47yypFbq6fu3yUvFoaf2UN,['contemporary country']
250,This Damn Song,7s9bJQK8sr8yDyOAHn8miR,['red dirt']
251,Out There,19ihEHhT75cZXJMNGZnuQm,"['contemporary country', 'country', 'country road', 'modern country rock']"
252,Better Boat (feat. Mindy Smith),357oRj2nlGc9QLjMGifVtS,"['contemporary country', 'country', 'country road']"
253,Almost,0CKt2RA2gYQqUKejm0Rq0m,"['contemporary country', 'country', 'country road', 'modern country rock']"
254,When The Stars Come Out,5Vt2oXZbkQgFWH1Tih1okV,"['contemporary country', 'outlaw country']"
255,Unbreak a Heartache,4ooo7MBVlR7hVYC8SLbZN9,"['country pop', 'red dirt', 'texas country']"
256,Hole In A Bottle,2QtZvpEiGKqcwMsF1tUW7B,"['contemporary country', 'country', 'country pop', 'country road', 'modern country rock']"
257,The Life,2OW7KMcLUlU9PwEvX7imqm,"['contemporary country', 'country', 'country road']"
258,Runnin' Block,3BPge8hHdq2fQIXUJrICcT,"['contemporary country', 'country', 'country road', 'oklahoma country']"
259,Beautiful Eyes,5X7MVR3eyAb9Y5EJfDXQHC,"['red dirt', 'texas country']"
260,Call Me Country,111L2CcGRbWfDLSO3tclyK,"['contemporary country', 'country', 'country road', 'modern country rock']"
261,Lady May,3t5OV1asJHmOlf23T08CLv,"['kentucky indie', 'kentucky roots', 'outlaw country']"
262,Good Day,76XWHO6yy7a097yBT7DXVm,"['contemporary country', 'country', 'country road', 'modern country rock']"
263,Magnolia,2TKTMnErKNBjVprlJ9b2lk,"['contemporary country', 'country', 'country road', 'modern country rock']"
264,The One I Loved Back Then,7ptBt26CVdYqKLGLIuffNZ,"['contemporary country', 'country', 'country road', 'country rock']"
265,Alright,5JlH51YDYsGj2dyEJKKjcN,"['contemporary country', 'country', 'country road', 'modern country rock']"
266,Where the Heart Is,4qaBHFw6eN6Oxa7gBXOvxv,"['contemporary country', 'country', 'country road', 'modern country rock']"
267,Keep The Wolves Away,1u7J5sEfgOVRt5bkfU2oGV,"['roots rock', 'texas country']"
268,Why We Drink,4lSfhHd5Knwl8yQw2cVjAD,"['arkansas country', 'contemporary country', 'country', 'country road', 'modern country rock', 'redneck']"
269,The Man Who Loves You The Most,58DvikiJcEjow3Skg80yxX,"['contemporary country', 'country', 'country road', 'modern country rock']"
270,Nothing Compares 2 U,3buDqvj0SE6DfYjyKmtrJi,"['contemporary country', 'country', 'country road', 'modern country rock']"
271,7 Summers,0Z0kNthq0sS4lvGz9SSlBF,['contemporary country']
272,The Ones That Didn’t Make It Back Home,6Vmb8Ru0BvjWGozOVGApRd,"['arkansas country', 'contemporary country', 'country', 'country road', 'modern country rock', 'redneck']"
273,No Hurry,5YrMcUZoNXlUCfwgnfocgL,"['contemporary country', 'country', 'country road', 'modern country rock']"
274,Real Men Love Jesus,4PUd2AwQAWY05WWR5qxig9,"['contemporary country', 'country', 'country pop', 'country road', 'modern country rock']"
275,Angel Eyes,63w0QA1wiV7QhF9jeiHETF,"['contemporary country', 'country', 'country pop', 'country road', 'modern country rock']"
276,"Easy Come, Easy Go",5F44F2EaNa5dpHNQaN8ya1,"['contemporary country', 'country', 'country road', 'country rock']"
277,The Woman with You,38svIEZx14taLmeQQfMFDv,"['contemporary country', 'country', 'country road']"
278,Joe's Place,5qkrQxsXDGN12FXvdRGpDX,"['arkansas country', 'contemporary country', 'country', 'country road', 'modern country rock']"
279,Where I'm From,0VeI4Zyirc6yuJ4P7fudjE,"['contemporary country', 'country', 'country pop', 'country road', 'modern country rock', 'redneck']"
280,Can't Get Away from a Good Time,5A8DxtqDRSfsCDC10GuRyr,"['contemporary country', 'country pop', 'country road', 'modern country rock']"
281,This Bar,7oSq5fbsFkTS9zeJQwMihf,['contemporary country']
282,Happy Does,2v08cjj3Th8RpfJgluECcj,"['contemporary country', 'country', 'country road']"
283,Love Your Love The Most,6HLciiLMPssno4lT4gbObT,"['contemporary country', 'country', 'country road']"
284,Me My Bottle And Nothing But Time,7s1WlGCzwg7etob1Lpetp1,['roots americana']
285,Me and My Kind,4rW9EUFaMSNVY8JhbqrB6z,"['contemporary country', 'country', 'country road', 'texas country']"
286,Over When It's Over,59FhRUTbBuT05t8w1dvWLI,"['contemporary country', 'country', 'country road']"
287,A Little Bit Trouble,5b7F5Dz5LjxMGvU3n2vqc5,"['contemporary country', 'country', 'country road', 'modern country rock']"
288,Jesus And Wranglers,0vgoslYFyEhs1qKMLJWg9Y,"['contemporary country', 'country road']"
289,Still Out There Running,4nXmBb2s8Mmkq2hGskHxiq,"['funk', 'indie folk', 'modern blues rock', 'new americana', 'rock', 'stomp and holler']"
290,Atlantic City,4JwjzS9WFkWlpzGCwh82fn,"['modern rock', 'rock']"
291,Young Man's Blues,6ywiHcxaHBR39gRhud37XK,"['contemporary country', 'texas country']"
292,Like A Cowboy,13bXmY0acm51KkgEdhCm1n,"['contemporary country', 'texas country']"
293,Porch Swing Angel,50QL2fqn6EDwpBUJ5QaQ4m,"['contemporary country', 'country pop']"
294,Rolling Stone,5pwotNGfCggJh0CtGT0A9I,"['modern southern rock', 'texas country']"
295,Without You,34slXA5D75T5S0dwYYRd4J,['contemporary country']
296,All Your Life,2khs94jHAVzUm3Pu4mAMmv,"['contemporary country', 'country', 'country dawn', 'country road', 'modern country rock']"
297,Starting Over,3TNSVsiFngfe68UJpMq1oS,"['contemporary country', 'outlaw country']"
298,Bury Me In Dixie,7KFbFqfBxqRtSSwkA874iv,"['contemporary country', 'country road']"
299,One Of Those Nights,3ZHjQSfJ46zjFbt79MAqD2,"['pop', 'post-teen pop']"
300,So Much Like My Dad,4FWUrFsTpMY758QPEA2M2c,"['contemporary country', 'country', 'country road', 'country rock']"
301,Behind The Times,53ZRA4ZJg5zBUtByHfhSac,"['contemporary country', 'country road']"
302,Stone,4rJesaufMl2xD0f2G8Xgnd,"['modern southern rock', 'texas country']"
303,Bar Downtown,4OTkPCAqMeRgQCAvAcfPYn,"['contemporary country', 'country', 'country road', 'modern country rock']"
304,Beer Light,4TT4e9GczkEUx1YDgJnsMk,"['contemporary country', 'country', 'country road', 'modern country rock']"
305,Happy Anywhere (feat. Gwen Stefani),2DwbFtfC6sXBiVDPmju8Dd,"['contemporary country', 'country', 'country road', 'oklahoma country']"
306,Feathered Indians,2tgQaL85WoRfgEa4hFQgrE,"['kentucky indie', 'kentucky roots', 'outlaw country']"
307,If the World Had a Front Porch,7AW2WsM8dc5pmXIgdn2SpC,"['arkansas country', 'contemporary country', 'country', 'country road', 'country rock']"
308,Baseball on the Moon,5YBblhstMENuUkLpIIfgU3,['roots americana']
309,Forever After All,6IBcOGPsniK3Pso1wHIhew,['contemporary country']
310,Change My Mind,1HhvADMkoWcqxsOVXsaO35,"['red dirt', 'texas country']"
311,Pretty Heart,6vC90OOjZR165Hw8CpsqEm,"['contemporary country', 'texas country']"
312,I Got A Car,4Fpq4QkR06QRDkujBUk0JY,"['contemporary country', 'country', 'country road', 'country rock']"
313,She Don't Love You,1B17jo7XD3lJ9AtrdE9kUd,"['contemporary country', 'country', 'country pop', 'country road', 'modern country rock']"
314,Make Her Fall In Love With Me Song,3lEfWXVeo02PI4QaX5ocV9,"['contemporary country', 'country', 'country road', 'country rock']"
315,Pretty Good At Drinkin' Beer,6a7wXoZOARI8IqEXObjhDz,"['contemporary country', 'country', 'country road', 'modern country rock']"
316,I'm Not Alright,3PURovRKyJaBmgzPfmMJ4O,"['contemporary country', 'country', 'country road']"
317,Dance or Drink,5EdwvDm3PZu5BmYkzcexVw,"['contemporary country', 'country', 'country road']"
318,Steady as She Goes,5tqOpDfDfForWXOlJsaDgs,"['contemporary country', 'country', 'country road']"
319,Where Rainbows Never Die,2gE58DQyqgsvsK87SWUN62,"['bluegrass', 'indie folk', 'neo-traditional bluegrass', 'new americana', 'progressive bluegrass']"
320,Can You Run,2kuHnZDirrymIRYKkjTn56,"['bluegrass', 'indie folk', 'neo-traditional bluegrass', 'new americana', 'progressive bluegrass']"
321,Wildfire,6VfY0sgS4j4JpFQH8kk4XA,"['deep new americana', 'new americana', 'north carolina roots', 'progressive bluegrass', 'stomp and holler']"
322,Virginia,0sQkMsh3ojWIw7CIGsXArG,"['modern southern rock', 'texas country']"
323,Diamonds & Gasoline,2nAHmQV9WKA6c1emQilxih,['red dirt']
324,Take Me To The Bottom,04FdD1nYNw8tB9CD7aNp91,['modern southern rock']
325,If It Hadn't Been For Love,7DQjWFjaiPULrsqgsZueF3,"['bluegrass', 'indie folk', 'neo-traditional bluegrass', 'new americana', 'progressive bluegrass']"
326,Livin’ The Dream,2L4YgbxxwmwafMqLIjSx8q,['contemporary country']
327,Stand Alone,5Gy4y79aKl44KZ2BpmgY7P,['contemporary country']
328,Sleep When We're Dead,77Q8V48a8jGsghvaVNWMaP,['contemporary country']
329,Spin You Around,1yj1ZztSGITJ5Nf4mfH92c,['contemporary country']
330,The Best Day,3fzDcbJZC7HoTHeH2Z1R4A,"['contemporary country', 'country', 'country road', 'country rock']"
331,You're Gonna Love Me,35rmHNANlX5bZBlrMMMEib,['modern country rock']
332,Me Neither,6A426nfNHDuTDs1uY0W0NF,"['contemporary country', 'country', 'country road']"
333,Little Rain,51T2SPBH4YjbrFJE94NJT6,['contemporary country']
334,Traveller,178OI1A3qjROeFeh8lmNwW,"['contemporary country', 'outlaw country']"
335,Fool Hearted Memory,3cPgnLawNeUl9YsZIBdsrs,"['contemporary country', 'country', 'country road', 'country rock']"
336,I Love This Bar,32jHB7W9b08OTorAqR0cJo,"['contemporary country', 'country', 'country road', 'oklahoma country']"
337,These Days,5nWgEBtaRwVrCMjer1RtLm,"['contemporary country', 'country', 'country road', 'pop rock']"
338,Then Again,2PoOVPahdBzzlX8B35XflM,"['country pop', 'country road', 'modern country rock']"
339,I Called Mama,2oWuBmQtYMx3LEgahIsJvs,"['pop', 'post-teen pop']"
340,All Around You,2su9lOnI21rEmHdBcWjM2B,"['alternative americana', 'indie folk', 'kentucky roots', 'nashville singer-songwriter', 'new americana', 'outlaw country', 'roots rock']"
341,Cold Beer With Your Name On It,4U9mtRXs7VaG7kgU4Hpw6h,"['contemporary country', 'country', 'country pop', 'country road', 'modern country rock', 'redneck']"
342,Turtles All the Way Down,4NE3oWyUQI2b2NjyMyC8Bi,"['alternative americana', 'indie folk', 'kentucky roots', 'nashville singer-songwriter', 'new americana', 'outlaw country', 'roots rock']"
343,Southern Voice,1fgHi1HhKJ6tB41eOWbwVy,"['pop', 'post-teen pop']"
344,Doing Life With Me,57YkkgxAiusJPMtiSG3w3c,"['contemporary country', 'country', 'country road']"
345,Three Year Old,579wiJu8HXaGXod6rU3NiB,"['contemporary country', 'country', 'country road']"
346,Skin (Sarabeth),6RVwPc54fYNOladqLxpxmT,"['contemporary country', 'country', 'country road', 'pop rock']"
347,You Should Probably Leave,2UikqkwBv7aIvlixeVXHWt,"['contemporary country', 'outlaw country']"
348,Bettin' Man,4wCdeawWseZUYkhN697nX7,"['contemporary country', 'country road']"
349,Maggie's Song,50QWBrZFAhD6N4B0tbfET9,"['contemporary country', 'outlaw country']"
350,Silverado For Sale,1AGXmKhp5H6d1B2OwZwQdQ,['contemporary country']
351,Sand In My Boots,0uRrG2jRR5tuifsYIJHEao,['contemporary country']
352,Need A Boat,5UmCoA8uugbNcVAfKMW3P2,['contemporary country']
353,Whiskey’d My Way,6HsXpHn2s6S9arU3Wy7ndc,['contemporary country']
354,The Great Divide,3q3lSbfT5BnQlIvGwahgAD,['contemporary country']
355,Your Bartender,1eIoa430A2fLhIVgoxtT9b,['contemporary country']
356,Somebody’s Problem,7JMUrvUgRCG7HNEywaQcXj,['contemporary country']
357,Beers And Sunshine,36ISlLb12gKuCCVTYXC0gb,"['contemporary country', 'country', 'country road', 'modern country rock']"
358,Bandaid On A Bullet Hole - Bonus,1RvoRAL612adAVrPUoAMHR,['contemporary country']
359,This Side Of A Dust Cloud - Bonus,0UotfxRXpJwpem9QheCD5a,['contemporary country']
360,Man Like Me,77LywUODoUWlQJxsKQBpHw,"['contemporary country', 'country road']"
361,Ticks,736KP0gdltJQWPKk0wVL7l,"['contemporary country', 'country', 'country road']"
362,Single Saturday Night,1irAliF0T8sLIOPJp6n7rU,"['contemporary country', 'country', 'country road', 'modern country rock']"
363,Whiskey And Rain,1tf4Bfk8JIKryLpWYRvyiI,"['contemporary country', 'country', 'country pop', 'country road', 'modern country rock']"
364,The Devil Went Down to Georgia,383Xl5QTigwj3QiA3Qc6S7,"['classic rock', 'country', 'country rock', 'southern rock']"
365,Talkin' Tennessee,7szRiHu6r91o2Po9GTPN4c,['contemporary country']
366,Summertime,3cE5ltZFHmBpiS77itKaOM,"['contemporary country', 'country', 'country road']"
367,UNAPOLOGETICALLY COUNTRY AS HELL,45nc69lqKe3kY9sit2UU6G,['contemporary country']
368,Maybe It's Time,6jMbPsH6lTOLs5n8Af26AG,"['dance pop', 'pop', 'post-teen pop']"
369,He Loved Her,2lARfYBthlR1HoLpd32SCM,"['contemporary country', 'country pop', 'modern country rock']"
370,Asking For A Friend,5mXOdtyPOL6GEuZdCyHSsb,"['contemporary country', 'country pop', 'modern country rock']"
371,She Ain’t Mine No More,4gslR6cfsxNBQ2bpkoSavl,"['arkansas country', 'contemporary country', 'country', 'country road', 'modern country rock', 'redneck']"
372,Right About Me,2BHs75vAJMEf8PHZ0ZUOwU,[]
373,Joy Of My Life,4EuaDcxHmHKS6gZ5iuGba0,"['contemporary country', 'outlaw country']"
374,Where Corn Don’t Grow,6jxQfS8A6yz99wXGpGCLzy,"['contemporary country', 'country road']"
375,Where Corn Don't Grow,0lChO8MEC0eWVBznAMIWE6,"['country', 'country rock', 'outlaw country', 'texas country']"
376,Undivided,2DINVEELpI3ibUW2EzeDs7,"['pop', 'post-teen pop']"
377,Hell Of A View,1kBx9VGumfuvlfqdlAGorE,"['contemporary country', 'country', 'country road']"
378,"Bartenders, etc...",2JyMIeTAb4bGOFa49qFG5y,"['contemporary country', 'country', 'country road', 'modern country rock']"
379,Joe Bought a Bar,7vCgVAQ0VFf8EqDCfgJK1Y,"['contemporary country', 'country rap', 'redneck']"
380,Is Anybody Loving You These Days,69u3mt4KCFagJZFmJ3Ged6,"['contemporary country', 'country', 'country road', 'modern country rock']"
381,Country Folks - Livin' Loud,1P7fYBkHMxj3rQI8rUzIZo,"['country', 'country road', 'modern country rock']"
382,"Wine, Beer, Whiskey",5avVDmK9FVJpd3MDO8I3Zl,"['contemporary country', 'country', 'country dawn', 'country road', 'modern country rock']"
383,Home Run,3WcQxf3f924vU8Ae6GNJ16,"['arkansas country', 'contemporary country', 'country', 'country road', 'modern country rock']"
384,Lonely One,5w5fbyYHo5129Ce4c7qeWa,['contemporary country']
