name,uri,genres
I Love This Life,5d0iu7Mc64GwJIMBGjDt2U,"['contemporary country', 'country pop', 'country rap', 'country road', 'modern country rock']"
Sunday Morning,0BzIw053LdsgAu8Sb1baIn,"['contemporary country', 'country', 'country pop', 'country road', 'modern country rock', 'modern uplift']"
Sun Daze,0El2Zyt68nYySFDG87hZgM,"['dance pop', 'hip hop', 'pop rap', 'rap', 'southern hip hop', 'st louis rap', 'urban contemporary']"
"Courtesy Of The Red, White And Blue (The Angry American)",0M7mWKqwTIaVjYyxfZmtTa,"['contemporary country', 'country', 'country road', 'oklahoma country']"
Loving You Easy,4ieqNz8S9pvnA0inetRkE3,"['contemporary country', 'country', 'country road', 'modern country rock']"
"Speakers, Bleachers And Preachers",0Is6MRHWKe7y2xIxDkvO6l,"['contemporary country', 'country pop', 'country road', 'modern country rock']"
Power of Positive Drinkin',3yww2zhTK6xJuVGtn6oHNY,"['contemporary country', 'country', 'country road', 'modern country rock']"
I Don't Want This Night To End,0cV4xwUA4ue2deqq4CZFko,"['contemporary country', 'country', 'country road']"
Broken Halos,06gD2ZtK3Dzc1BYqWExQJJ,"['contemporary country', 'outlaw country']"
Hotel Key,33471tzU1VghDg9zNgGRpz,"['contemporary country', 'country', 'country road']"
Night Shift,0bPnT6i9H1p8Vd85GS6Z7I,"['contemporary country', 'country', 'country road', 'modern country rock']"
Most People Are Good,79LAFAkR1ATb4iIQvZuCL0,"['contemporary country', 'country', 'country road']"
Tequila,7Il2yWQmsqKgSkLQvHTPUI,"['contemporary country', 'country', 'pop']"
Small Town,2HsjJJL4DhPCzMlnaGv7ap,"['album rock', 'classic rock', 'country rock', 'folk rock', 'heartland rock', 'mellow gold', 'pop rock', 'rock', 'singer-songwriter', 'soft rock']"
Born to Love You,77a5Eu7lC3tG0Sukt2O91U,"['contemporary country', 'country pop']"
Simple,4P92FrvmYQSAfOpp4cpFEi,"['dance pop', 'hip hop', 'pop rap', 'rap', 'southern hip hop', 'st louis rap', 'urban contemporary']"
Colorado,3tPBJEpMATWJnltCnJD7JC,"['dance pop', 'hip hop', 'pop rap', 'rap', 'southern hip hop', 'st louis rap', 'urban contemporary']"
Sixteen,3pJkBPHadRAxBBo484RipI,"['contemporary country', 'country', 'country road', 'modern country rock']"
Nowhere Fast,6arLnfArtdWKOcCYzDd4rS,"['contemporary country', 'country', 'country road']"
Shotgun Rider,3LbvNFkqDTrE1liGMmZBDL,"['pop', 'post-teen pop']"
Where The Green Grass Grows,7notvUHdzgdCftnTNuUzvF,"['pop', 'post-teen pop']"
Just To See You Smile,06YGnGRD3zbVQyrlZeV5pQ,"['pop', 'post-teen pop']"
Top Of The World,06s2xqfSDROCIhzxH5Hsu6,"['pop', 'post-teen pop']"
Whiskey Glasses,3hcuw44nHQY18cmidrDadf,['contemporary country']
Get Along,6n6OQfBpCgzF9oEg8zhBN7,"['contemporary country', 'country', 'country road']"
Up All Night,3yYTDppf1ycYtpPuX46xQh,"['contemporary country', 'country', 'country road', 'modern country rock']"
Burning Man,4a1oIihVt6xSnDRpgX387M,"['contemporary country', 'country', 'country road', 'modern country rock']"
Midnight Lovers,2FFifx7RRzlmDLW3e1m4rw,"['contemporary country', 'country pop', 'oklahoma country']"
You're In It,3K1FNPp9ADkE4ouWez9du2,"['contemporary country', 'country', 'country road', 'modern country rock', 'redneck', 'texas country']"
The Gator Boys - iHeart Radio Live,3JytWoahv6KtM057egDVqR,"['contemporary country', 'neo-traditional country', 'texas country']"
Texas Lullaby,53rP0JKz6J3U1H6rIwBwjM,"['contemporary country', 'country', 'country road', 'modern country rock', 'texas country']"
Kiss That Girl Goodbye,41ArcO4X1q718v1v7DeDS6,"['contemporary country', 'country', 'country road', 'modern country rock', 'texas country']"
One Man Band,3ksmU0DaEUMEVzx5V6cc3z,"['contemporary country', 'country', 'country road']"
Every Little Honky Tonk Bar,64Zm9wNGj6coqg4zsb0Soj,"['contemporary country', 'country', 'country road', 'country rock']"
You Look So Good In Love,5BYOLEoFD1fWokKncxz7BQ,"['contemporary country', 'country', 'country road', 'country rock']"
Should've Been A Cowboy,4EDBgrYqYQ6b50yhJWKsHp,"['contemporary country', 'country', 'country road', 'oklahoma country']"
Just Another Day In Paradise,4LlNoNZflek4hZyZigCxpW,"['contemporary country', 'country', 'country road', 'modern country rock']"
Beautiful Crazy,2rxQMGVafnNaRaXlRMWPde,['contemporary country']
I Love This Bar,2EZWdLnLPwL97JcfNlBoM1,"['contemporary country', 'country', 'country road', 'oklahoma country']"
Check Yes Or No,6iy4PoAuZBMvtrlDX4VxC7,"['contemporary country', 'country', 'country road', 'country rock']"
She Used to Be Mine,2scXasE5PQEMreCBQNfUSv,"['contemporary country', 'country', 'country road', 'country rock']"
Dust On The Bottle,0Xg68XXMRWzKQvD5S6BFvI,"['contemporary country', 'country', 'country road', 'country rock', 'modern country rock']"
Diamond In My Pocket,24Nt4OalWDICkEKVy81X6k,"['contemporary country', 'country', 'country road', 'texas country']"
Lonely For You Only,7B9VK5iBDUVZW8o66DyU8f,"['contemporary country', 'neo-traditional country', 'texas country']"
Drinkin' Problem,1vBpwxsLVwaR4evBIaFmqD,"['contemporary country', 'neo-traditional country', 'texas country']"
At Least You Cried,6y0mAMhVwWpbqQyWeBWDbp,"['contemporary country', 'neo-traditional country', 'texas country']"
Burn Out,7yrJnekdlwWARt5lmVqJ6L,"['contemporary country', 'neo-traditional country', 'texas country']"
Wake up Loving You,1E1LaXgZRkBOljpGXtlR7B,"['contemporary country', 'country', 'country road']"
If You Ain't Here To Party,7mu21H4g5sGUX7n3tGsGig,"['contemporary country', 'country', 'country road']"
Beer Can,5k8m3ZCp3AP4TKd2IKzKO8,['contemporary country']
Mr. Lonely,3sEa95MTLJ8JcoP5A97bWl,"['contemporary country', 'neo-traditional country', 'texas country']"
Break Up in the End,5Z19ylxppfnfdP4JH0u8oj,"['contemporary country', 'country', 'country road', 'modern country rock']"
Boys 'Round Here (feat. Pistol Annies & Friends),39FwE8edwuyiaa4PrGBkP7,"['contemporary country', 'country', 'country road', 'oklahoma country']"
Mr. Misunderstood,79dlQxvdsCDApoM8XChkpy,"['contemporary country', 'country', 'country road']"
Knives Of New Orleans,3QYXgYgff77dt42xLnhUaf,"['contemporary country', 'country', 'country road']"
I Met a Girl,4WtkYdCG4n80h08Ep5SmDI,"['contemporary country', 'country pop', 'modern country rock']"
That's Why God Made Mexico,3T0Q0Lq00xlDtelL6iQ0kf,"['pop', 'post-teen pop']"
Watch The Wind Blow By,6Os7cO6a6UeglnpIKidRjh,"['pop', 'post-teen pop']"
Out Of Sight,1pxdS67xTNTsxDtGzDOiv7,"['contemporary country', 'neo-traditional country', 'texas country']"
What Happens In A Small Town,3g9OCNXY2aSbGRQGY17qVE,"['contemporary country', 'country', 'country road', 'modern country rock', 'redneck']"
Knockin' Boots,6ERR6e7h6wCqGoz1TjiUJb,"['contemporary country', 'country', 'country road']"
Dive - Recorded At Sound Stage Nashville,2VWBdFsDJVGlRTdz4PvYwy,['contemporary country']
Castle On The Hill - Recorded at Sound Stage Nashville,71R7NckyIlOd8fJzoZIJfR,"['contemporary country', 'country', 'country road', 'modern country rock']"
East Bound And Down,5JelBZwTfs9LZAUbeeVbqd,"['contemporary country', 'neo-traditional country', 'texas country']"
This Old Heart,35sSKJFvWxfNCfZFsWoBy2,"['contemporary country', 'neo-traditional country', 'texas country']"
Tougher Than The Rest - Recorded At Sound Stage Studios Nashville,76v3BntynHQflWb5ptBgV4,"['contemporary country', 'neo-traditional country', 'texas country']"
Drink A Beer,3Qj2YJB1KmgXr5SutGokdb,"['contemporary country', 'country', 'country road']"
All My Friends Say,539dFCMA8lfEElDPgGpcIB,"['contemporary country', 'country', 'country road']"
Friends,5cWU0i23BOS8pSwrYWEMS8,"['contemporary country', 'country', 'country road', 'oklahoma country']"
Don't Tempt Me,2JPgcccyZ938uv9AjCGMWq,['contemporary country']
Fix a Drink,0s6OWiWGuiCcm1Muzch5A8,"['contemporary country', 'country', 'country road', 'modern country rock']"
Love Ain't,6uVzeU47Qzg0rrMneP5BNg,"['contemporary country', 'country', 'country road', 'heartland rock', 'modern country rock', 'pop rock', 'texas country']"
Drunk On You,3b7CDTKB0SRTmQ6ytYi5vZ,"['contemporary country', 'country', 'country road']"
Living,54K7AZoGpQklpygKrxZlKN,"['contemporary country', 'country', 'country road', 'modern country rock']"
Some Of It,3d1qN7AHge6BXuVPutcpI5,"['contemporary country', 'country', 'country road']"
Goodbye In Telluride,3CJEbmr6W4evGStck6Whdw,"['contemporary country', 'country', 'country road', 'modern country rock']"
This I Gotta See,4UPXcMdyBzvNFNycwQaO7i,"['contemporary country', 'country', 'country road']"
Tip of My Tongue,40ufL61vEaDaaOitYhnlQ7,"['contemporary country', 'country', 'country road']"
You Make It Easy,2ZxTjs4EdJl4Y9YByIiNoo,"['contemporary country', 'country', 'country road']"
My Religion,7BK6xn13rJRZ4OCbvAszUk,"['contemporary country', 'country', 'country road', 'modern country rock']"
Grow Old,14KAAbogyA9EJjYUyOJrRB,"['dance pop', 'hip hop', 'pop rap', 'rap', 'southern hip hop', 'st louis rap', 'urban contemporary']"
That Old Truck,0kjnvAqQvdjN69aDTGlceq,"['contemporary country', 'country', 'country road', 'modern country rock']"
Kiss Tomorrow Goodbye,4ZF2WDTBVFihfTkxfme8JE,"['contemporary country', 'country', 'country road']"
How Am I Doin',3bvr2R5FUjrC3orh47Qe5V,"['contemporary country', 'country', 'country road', 'modern country rock']"
"Woman, Amen",3nBXOlFTADNvG9nkqy2O2W,"['contemporary country', 'country', 'country road', 'modern country rock']"
One Way,47kgihttYKK8KuydjaOPZP,"['contemporary country', 'country', 'country road', 'modern country rock']"
Travelin' Light,0EcxKmWwogn7f51Z0UHFQd,"['contemporary country', 'country', 'country road', 'modern country rock']"
How I'm Going Out,5dacKGUQ1xTS596919Agv0,"['contemporary country', 'country', 'country road', 'modern country rock']"
Knee Deep (feat. Jimmy Buffett),1yEwEiTpsaPhQi9lb5EVV4,"['contemporary country', 'country', 'country road', 'modern country rock']"
Why Don't We Just Dance,2p07VcUwRZ5sru3mJ0JogS,"['contemporary country', 'country', 'country road', 'modern country rock']"
American Remains,4REjaHRPmVb7btssqChJSy,"['country rock', 'outlaw country']"
Brother Jukebox,1Ov6koHfZL43pGCDdfIoHf,"['contemporary country', 'country', 'country road', 'country rock']"
It's A Great Day To Be Alive,3oW6SWwGqiZSPTiAp7ZQoH,"['contemporary country', 'country', 'country road', 'country rock', 'outlaw country']"
Meet In the Middle,7lUE02KHkZM44BZgjCaWRO,"['contemporary country', 'country', 'country road', 'country rock']"
Small Town Southern Man,5ExWY6ojo1Qm3rC7iaEqx2,"['contemporary country', 'country', 'country road']"
Drive (For Daddy Gene),1FV374EPG5CrjdIbIMLkcv,"['contemporary country', 'country', 'country road']"
Take It Easy - 2006 Remaster,1UEKaf3j6eXeNbySz761lc,"['contemporary country', 'country', 'country road', 'country rock', 'outlaw country']"
The Good Stuff,1sR3kJi14jA8Gau3a0yXAo,"['contemporary country', 'country', 'country road']"
Even Though I'm Leaving,3sVLgsSTHRu483w6QciloO,['contemporary country']
It's A Little Too Late - 1996 Greatest Hits Version,0D5L0ZxGyhEFTqhfiXwYxw,"['contemporary country', 'country', 'country road', 'country rock']"
Free And Easy (Down The Road I Go),4Ng7hGdPwpINleVecBWiOO,"['contemporary country', 'country', 'country road', 'modern country rock']"
Heartache On The Dance Floor,0w3Q14i073jLoew1hgJkwD,"['contemporary country', 'country', 'country road', 'modern country rock']"
Mysteries of the World,4i03jcO0O06RWfddcDlQoO,"['contemporary country', 'country pop']"
Wagon Wheel,3xdjjKMcMOFgo1eQrfbogM,"['contemporary country', 'country', 'country road']"
Drunk On A Plane,1soxUgYIZb1qx1c7o1Lc7z,"['contemporary country', 'country', 'country road', 'modern country rock']"
Give It All We Got Tonight,19PJ75UGKjpBo0muDNyxPW,"['contemporary country', 'country', 'country road', 'country rock']"
Wrapped,1FWAB1KZHJnAeET0288xha,"['contemporary country', 'country', 'country road', 'country rock']"
Amarillo by Morning,5UfrL0h1wJEiUBDyMnW4F5,"['country pop', 'red dirt', 'texas country']"
Some People Do,4GQ1I4CgivCwZFjyTz0Y6x,"['contemporary country', 'country', 'country road']"
Rumor (Bryan Todd Remix),1nBJxJ5aI1jWjcw731YwHe,"['contemporary country', 'country', 'country road', 'modern country rock']"
My Heart Is a Bar,6ZAKFP9hbfAoMl39BikwGF,"['contemporary country', 'country', 'country road']"
People Are Crazy,5JnLiuMgRAWoHYOhatFP3s,"['contemporary country', 'country', 'country road', 'modern country rock']"
Little Bit of Life,1jSZ1IETySh2kDTnyfIE0I,"['contemporary country', 'country', 'country road', 'modern country rock', 'redneck']"
I Wish Grandpas Never Died,7Dxes6VnfbZYV0S2QTnVuT,"['contemporary country', 'country road']"
Georgia Time,5XqHOqbjKb7YsQV6f3eGeD,"['contemporary country', 'country road']"
This Is It,34DFpyq5NJJ79GnGbbJH3p,"['contemporary country', 'country', 'country road', 'modern country rock']"
Blue Collar Boys,0KtxdSPi1ZbDc3wwD2IGF0,['contemporary country']
Better Together,1tSGw3h54aHModEHHL1HGK,['contemporary country']
Nothing Like You,5ppDdMho96v8gdDm7HKEbK,['contemporary country']
"1, 2 Many",6pgN3d6oBrhmrSAKBfWNsf,['contemporary country']
What You See Is What You Get,1xIgz2QjA85ZpXiIoj6mMo,['contemporary country']
A Long Way,3z1QH1O1h15lFROjcECqgi,['contemporary country']
Chasin' You,5MwynWK9s4hlyKHqhkNn4A,['contemporary country']
Break Up More Often,6FpSqJRS0786oDMKIDqISd,"['contemporary country', 'country road']"
Blessings,7dnDBbHKyJNFXoeVwO8KBY,"['dance pop', 'hip hop', 'pop rap', 'rap', 'southern hip hop', 'st louis rap', 'urban contemporary']"
Chattahoochee,59kHPbwyyCApYA8RQQEuXm,"['contemporary country', 'country', 'country road']"
"Big, Big Plans",7yNJCsUH3tXlpQiHSsAc5l,"['contemporary country', 'country road', 'modern country rock']"
America's Sweetheart,2NcstvY8H9PVQ0DMNGHckh,['modern blues rock']
I Just Wanted You To Know,39KHPb4hftle7NNR9F1OIR,"['contemporary country', 'country', 'country road', 'country rock']"
Speak to a Girl,421ebjYqaIXEG2KloTbXlH,"['pop', 'post-teen pop']"
She Gone,4HdB6veTsV8GTmw9H6svyU,"['contemporary country', 'texas country']"
"Take Me Home, Country Roads",39q7xibBdRboeMKUbZEB6g,"['adult standards', 'classic country pop', 'folk', 'folk rock', 'mellow gold', 'soft rock']"
Tequila Little Time,15npbUjCgwt2lRvyrJvyxw,"['contemporary country', 'country', 'country road', 'modern country rock']"
Buy That Man A Beer,4wNVYLmFhhBIhBeA2VgmJ4,"['contemporary country', 'country', 'country road', 'modern country rock']"
Nobody Leaves A Girl Like That,7eZ8yGicfHsHQmAWwupaY3,"['contemporary country', 'country', 'country road', 'modern country rock']"
Starlight,2DROU2PMffuPfU5obZRxZs,"['contemporary country', 'country', 'country road', 'modern country rock']"
Me And Jack,6dHvwnHL84SuSbzzzZGbVP,"['contemporary country', 'country', 'country road', 'modern country rock']"
Old Hat,2BNTOqv1zDZbItHIiuUKWf,"['contemporary country', 'country', 'country road', 'modern country rock']"
Cold Hearted,3X2D7YigBKJwSqttC2abyg,"['contemporary country', 'country', 'country road', 'modern country rock']"
Party Crowd,57IEs29xqMQaAkjQ8iQuI0,"['contemporary country', 'country', 'country road', 'country rock', 'modern country rock']"
Mud On the Tires,2rQyI7A1yTvTXJ9J4qFmmN,"['contemporary country', 'country', 'country road']"
Used to You,2HR9wF4WR2sCJP4r6l9WVF,['contemporary country']
Fast Hearts And Slow Towns,6DhHbeKjXAwsyeMpm6FigK,"['contemporary country', 'neo-traditional country', 'texas country']"
Altitude Adjustment,4XSLXwwLskeFy1k6ec4tBg,"['contemporary country', 'neo-traditional country', 'texas country']"
Somewhere On The Wind,7kISgr6Y51hKENX23gXu2L,"['contemporary country', 'neo-traditional country', 'texas country']"
Brand New Man - with Luke Combs,6SewJZC2f9ETwJR2zZWkOP,"['contemporary country', 'country', 'country road', 'country rock']"
Summer Nights,27rSEMh30XdxOgQX7AKSaM,"['contemporary country', 'country', 'country road', 'pop rock']"
What I See,4zLh511JiWkVxr5QOUkeVR,"['contemporary country', 'country pop']"
American Nights,6B4LAyly39cv8Cat9nHObl,['contemporary country']
Monsters,55UCRHfezMCFfbGy0tfjTG,"['contemporary country', 'country', 'country road']"
I Got Away with You,5FUKOLrwBWkUzJ0Du3dm5T,['contemporary country']
Rainy Night Song,1F1E5k7UZpbNpByURm6Xgd,"['contemporary country', 'country', 'country road', 'modern country rock']"
Back On The Backroads,6rDaYgIdP4qDRYpUlOnlLV,"['contemporary country', 'country', 'country road', 'modern country rock']"
Gettin' You Home,28Sc21lrWcZD9Ov4rRkPJq,"['contemporary country', 'country', 'country road', 'modern country rock']"
Panama Red,2SMBD7vVSuoWLBqdst7TtA,"['banjo', 'bluegrass', 'country rock', 'jam band', 'jamgrass', 'old-time', 'progressive bluegrass']"
I Know She Ain't Ready,0TQ9Hf5DwI9crGZSIlq445,['contemporary country']
Beyond (feat. Luke Combs) - Live,05zt3H2jdG0MA1V6Q2t2Et,"['modern blues', 'soul']"
Fightin' The Fool,24smp7WNaOXqCEDDVjgeK6,"['contemporary country', 'country', 'country road', 'modern country rock']"
Borrowed Time,3kPWlLtHjP0jO18AaPQzsz,"['contemporary country', 'country', 'country road', 'modern country rock']"
Old Glory,3HQrXNeMmLrQvTqbmrl1J8,"['contemporary country', 'country', 'country pop', 'country road', 'modern country rock', 'redneck']"
Kids In The South,5gGPTjXzDNqtBkCs74RIUQ,"['contemporary country', 'country', 'country pop', 'country road', 'modern country rock', 'redneck']"
This One's for You,02Ey48n33H3erWJRZAtTFj,['contemporary country']
On My Way to You,3OjNkFFZavF89xvRqWCXmU,"['contemporary country', 'country', 'country road', 'texas country']"
Dear Rodeo,5S8TnsIYMVrUg1bKxiGf6e,"['contemporary country', 'country', 'country road', 'texas country']"
Monday Morning Merle,5FYdyPcP06Xi0KBjF7re5o,"['contemporary country', 'country', 'country road', 'texas country']"
Dear Today,7j3aRaky6Xr1fpuqmB3s4w,['contemporary country']
Does To Me (feat. Eric Church),17TSJlshgQ5zu0e8dedAla,['contemporary country']
Reasons,4T6QFouj6rIQObxgwt9ELL,['contemporary country']
Missin' You Crazy,3rYOzxOIYjq2hXPRFjCQ2v,"['contemporary country', 'country', 'country road', 'modern country rock']"
Trash A Hotel Room,1HdrHZQ620XujjLf4SDYg9,"['contemporary country', 'country', 'country road', 'modern country rock']"
Write You A Song,0OaMDKHLCkUNVnxvQbaiDQ,"['contemporary country', 'country', 'country road', 'modern country rock']"
This One's for You,7C5jpdJ6XQhK5Qh96SqB1d,['contemporary country']
Outlaws Like Us,6vdkRkomwx3z7BR1W0AcO7,"['contemporary country', 'country road']"
You Already Love Me,6khYfrHhcx6E8YDGKsUPNy,"['contemporary country', 'country', 'country road', 'oklahoma country']"
"Lover, Lover",5UzU0qw21okODBNUnxptVo,"['contemporary country', 'country', 'country pop', 'country road', 'modern country rock', 'redneck']"
So So Long,0EaBW4njQejxDNg0rzZo3o,"['contemporary country', 'country', 'country road', 'modern country rock']"
Hungover & Hard Up,5x0vtnEd0Opk7hZmWLvbFS,"['contemporary country', 'country', 'country road']"
Heading South,2c8WbESPtql9rRE2lB9Wwl,['oklahoma country']
Had Me By Halftime,3xca35T5BVLg4ePuVzc7wW,['contemporary country']
All Your'n,0fCwTrRNfoNk962ati8n2K,"['kentucky indie', 'kentucky roots', 'outlaw country']"
When I've Been Drinkin',59O0lOCAMdBugXQrEGR6A6,"['contemporary country', 'country', 'country road', 'modern country rock']"
"One Beer (HARDY feat. Lauren Alaina, Devin Dawson)",5FmvaZGd6fulojSToozLRD,['contemporary country']
"Y'all People - Dedicated to the ""CoJo Nation""",0wjaq05IUF3dVHNnYXjg8O,"['contemporary country', 'country', 'country road', 'texas country']"
Talk To Me Right,4QbPdzir5WY3Moq2X0UrG9,"['contemporary country', 'country', 'country road', 'texas country']"
Every Dog Has Its Day,3NlRw4geKm0ltghT1zrTx2,"['contemporary country', 'country', 'country road', 'oklahoma country']"
Colder Weather,6PEZpZIS4uygvUoLX1Dm4C,"['contemporary country', 'country', 'country road', 'modern country rock']"
I've Been Better,01RR3tSGpk00yAltBopvYn,"['contemporary country', 'country', 'country road']"
Drunk Americans,799mKKcXcpcJcbBZzrnyAp,"['contemporary country', 'country', 'country road', 'oklahoma country']"
I Hope That's Me,7BANaqYpeM80lMJAszNUh9,"['contemporary country', 'country', 'country road']"
Heart Like A Wheel,4bXo5s1XC6w9tLyOKykxSz,"['contemporary country', 'country', 'country road']"
Homemade,31JID2STTlLuFqXFWHyM8e,"['contemporary country', 'country', 'country road', 'modern country rock']"
You're Gonna Miss This,7Efs0OIW6zgQyH7ehKZYpN,"['contemporary country', 'country', 'country road', 'country rock', 'modern country rock', 'redneck']"
Watching You,5OusUgzHz6Ulb3GZT7WUo5,"['contemporary country', 'country', 'country road', 'modern country rock']"
What I Almost Was,1BGeARBsKpOjeNACiu6ZSZ,"['contemporary country', 'country', 'country road']"
Deeper Than the Holler,3xx0jE52PbtvwXgNaBUdch,"['contemporary country', 'country', 'country gospel', 'country road', 'country rock']"
Goin' Goin' Gone,40tuNJI1oMnRmg8esXBNBC,"['contemporary country', 'country', 'country road', 'country rock']"
What Are You Listening To?,3KZw9g7PNBBx66sHNqme6Z,"['contemporary country', 'outlaw country']"
If I Could Do It Again,33m6cNCpgX3oKb8xBH7iyk,"['contemporary country', 'country road', 'modern country rock']"
She Likes the Beatles,38iGqJQPZcTYNx6bdR5YWC,"['red dirt', 'texas country']"
She's Like Texas,7k0ahlHosIWblaaIsEqJ8M,"['contemporary country', 'country road', 'modern country rock', 'red dirt', 'texas country']"
Birds,5J6EE1wlwZbMB4MBndUGEC,"['modern southern rock', 'outlaw country', 'texas country']"
21 Summer,483beWfErq5MZAvC0fJ7cr,"['contemporary country', 'country', 'country road', 'modern country rock']"
Who You'd Be Today,5Vkdh8GfdXmwyJjzPewMWM,"['contemporary country', 'country', 'country road']"
White Trash Story,6h0FOQxhnq0iqVsf0I9WsZ,"['contemporary country', 'texas country']"
Burning House,1EPmjXdSdJgP08mrrmnw7h,"['hip hop', 'rap', 'trap']"
Cold Beer Calling My Name,3dV1fjKOlLnaNK5MeZHXGv,"['contemporary country', 'country pop']"
Must've Never Met You,6ojicjDYUUoeE1tdSvfFo4,['contemporary country']
One Of Them Girls,14GwnOeC9qYEKEA6uOZepa,"['contemporary country', 'country', 'country road', 'modern country rock']"
More Than My Hometown,6FniJZn4agmDtPx1pKZQsa,['contemporary country']
Nothin' on You,5ggoxc2dhlFjListerctlA,"['contemporary country', 'country', 'country road', 'texas country']"
Friendship,2ZAqfeq7PMp7XA2IKhuJJ2,"['contemporary country', 'outlaw country']"
A Simple Song,1XXl9pl7ObojHbyJetY75n,"['contemporary country', 'outlaw country']"
Gabrielle,1o0UHbEDYCCpzz8cVQfWxp,"['contemporary country', 'country', 'country road', 'modern country rock']"
Crowd My Mind,4kcaTWjTBgs9muGQCo8524,"['contemporary country', 'country', 'country road', 'modern country rock']"
Six Feet Apart,3aMUiKCIXJeurR5ppEMJZD,['contemporary country']
The Reason,22iS24vqgM9Cq8uQM7niiI,"['contemporary country', 'country', 'country road', 'modern country rock']"
Better Than Me - Acoustic,6YXdG7miTivRYzcIB0FhJb,"['contemporary country', 'country road']"
Good Lord Lorrie,0pghPocTwFg6ckBUs52SQ8,['red dirt']
Ballad Of A Southern Man,6P7kZB7hSJFyaYJcu3cYQJ,"['modern southern rock', 'texas country']"
What Kinda Gone,7uPReljrrTaqzDCcx4JHmi,"['contemporary country', 'country', 'country road', 'modern country rock']"
Boy,7A8OfzqXBHYGk61FZTHoeo,"['contemporary country', 'country', 'country road', 'modern country rock']"
Leaving Love Behind,1rdyEsdv6qJ7VNz96BdeIS,"['contemporary country', 'country', 'country road', 'modern country rock']"
Beer Can’t Fix,7idmHTAQQPUFqdjXkoooXD,"['contemporary country', 'country', 'country road', 'modern country rock']"
"SIGNED, SOBER YOU",3hdh8HHhZyhO5oqDjjKVAn,['contemporary country']
He Went To Jared (HARDY feat. Morgan Wallen),65IHmBagtQrYRcJd8a47zv,['contemporary country']
I'm Gonna Miss Her,4ipZsAA3YuqCDSXiPoEGIv,"['contemporary country', 'country', 'country road']"
THROWBACK,7fToSlGPKlugVUCAZWvydi,['contemporary country']
"Redneck Tendencies (HARDY feat. Trace Adkins, Joe Diffie)",1lYBlgWcwRqZ6T5syEATJJ,['contemporary country']
"My Kinda Livin’ (HARDY feat. Hunter Phelps, Jameson Rodgers)",17E5XweAlvnU7pkghMgvMs,['contemporary country']
Somewhere That You Don't Go,25svSblU0qyzxt2WdszcFZ,"['contemporary country', 'country pop', 'country road', 'modern country rock']"
Matagorda Bay,2kUim3eBMnbwb81ckdEhIc,"['contemporary country', 'country road', 'modern country rock', 'red dirt', 'texas country']"
Bottom Of The Fifth,4lvjgZAas0ZZ9dVKkmQShx,"['country pop', 'country road', 'modern country rock', 'red dirt', 'texas country']"
Here And Now,0NSwXfEWMG7HIRvXioGu03,"['contemporary country', 'country', 'country road']"
Be A Light,5o6dFqafETxZNqUFt9ZqAC,"['contemporary country', 'country', 'country road', 'modern country rock']"
Almost Maybes,14JFKtBSqefxfMiKhq6JT8,['contemporary country']
WHERE TO FIND ME,5OeF6XbsPBDmhKXD30CKEZ,['contemporary country']
God And Country Music,4RldvvNaEdteK2I0y6NWTR,"['contemporary country', 'country', 'country road', 'country rock']"
Country Boy Things,0CyhPM6R3S6IckZurbV1YT,"['contemporary country', 'country', 'country pop', 'country road', 'modern country rock']"
Hole In A Bottle,2QtZvpEiGKqcwMsF1tUW7B,"['contemporary country', 'country', 'country pop', 'country road', 'modern country rock']"
Whiskey Kinda Night,2pM6ikjdrBd1Dvr8AVGzr3,"['contemporary country', 'country pop', 'modern country rock']"
Everywhere But On,0ifYeH4gNXEyba41xr3I1w,"['arkansas country', 'contemporary country', 'country pop']"
BOOTS,5d9nNDxhtF99CgFfKm6NK5,['contemporary country']
Phone Call to God,3oSyemHgjMoHqW85EuclSb,"['contemporary country', 'country', 'country road', 'modern country rock']"
Sunshine & Whiskey,6aNwDe5YH5YUPlpHkku52w,"['contemporary country', 'country', 'country road', 'modern country rock']"
Wild World,0T9CT1kycRdeWTyy5EkmWc,"['contemporary country', 'country', 'country pop', 'country road', 'modern country rock']"
Runnin' Outta Moonlight,6enPOmd3vSFpI4jjms8kXN,"['contemporary country', 'country', 'country road', 'modern country rock', 'redneck']"
Church Bells,67citk3uzWs5qbaIVKTeg8,"['contemporary country', 'country', 'country dawn', 'country road', 'oklahoma country', 'post-teen pop']"
Before He Cheats,0ZUo4YjG4saFnEJhdWp9Bt,"['contemporary country', 'country', 'country dawn', 'country road', 'oklahoma country', 'post-teen pop']"
Honky Tonk Highway,6Xc2ppeXCBZbwuCcaRDrdn,['contemporary country']
Cover Me Up,47yypFbq6fu3yUvFoaf2UN,['contemporary country']
This Damn Song,7s9bJQK8sr8yDyOAHn8miR,['red dirt']
Out There,19ihEHhT75cZXJMNGZnuQm,"['contemporary country', 'country', 'country road', 'modern country rock']"
Better Boat (feat. Mindy Smith),357oRj2nlGc9QLjMGifVtS,"['contemporary country', 'country', 'country road']"
Almost,0CKt2RA2gYQqUKejm0Rq0m,"['contemporary country', 'country', 'country road', 'modern country rock']"
When The Stars Come Out,5Vt2oXZbkQgFWH1Tih1okV,"['contemporary country', 'outlaw country']"
Unbreak a Heartache,4ooo7MBVlR7hVYC8SLbZN9,"['country pop', 'red dirt', 'texas country']"
Hole In A Bottle,2QtZvpEiGKqcwMsF1tUW7B,"['contemporary country', 'country', 'country pop', 'country road', 'modern country rock']"
The Life,2OW7KMcLUlU9PwEvX7imqm,"['contemporary country', 'country', 'country road']"
Runnin' Block,3BPge8hHdq2fQIXUJrICcT,"['contemporary country', 'country', 'country road', 'oklahoma country']"
Beautiful Eyes,5X7MVR3eyAb9Y5EJfDXQHC,"['red dirt', 'texas country']"
Call Me Country,111L2CcGRbWfDLSO3tclyK,"['contemporary country', 'country', 'country road', 'modern country rock']"
Lady May,3t5OV1asJHmOlf23T08CLv,"['kentucky indie', 'kentucky roots', 'outlaw country']"
Good Day,76XWHO6yy7a097yBT7DXVm,"['contemporary country', 'country', 'country road', 'modern country rock']"
Magnolia,2TKTMnErKNBjVprlJ9b2lk,"['contemporary country', 'country', 'country road', 'modern country rock']"
The One I Loved Back Then,7ptBt26CVdYqKLGLIuffNZ,"['contemporary country', 'country', 'country road', 'country rock']"
Alright,5JlH51YDYsGj2dyEJKKjcN,"['contemporary country', 'country', 'country road']"
Where the Heart Is,4qaBHFw6eN6Oxa7gBXOvxv,"['contemporary country', 'country', 'country road', 'modern country rock']"
Keep The Wolves Away,1u7J5sEfgOVRt5bkfU2oGV,"['roots rock', 'texas country']"
Why We Drink,4lSfhHd5Knwl8yQw2cVjAD,"['arkansas country', 'contemporary country', 'country', 'country road', 'modern country rock', 'redneck']"
The Man Who Loves You The Most,58DvikiJcEjow3Skg80yxX,"['contemporary country', 'country', 'country road', 'modern country rock']"
Nothing Compares 2 U,3buDqvj0SE6DfYjyKmtrJi,"['contemporary country', 'country', 'country road', 'modern country rock']"
7 Summers,0Z0kNthq0sS4lvGz9SSlBF,['contemporary country']
The Ones That Didn’t Make It Back Home,6Vmb8Ru0BvjWGozOVGApRd,"['arkansas country', 'contemporary country', 'country', 'country road', 'modern country rock', 'redneck']"
No Hurry,5YrMcUZoNXlUCfwgnfocgL,"['contemporary country', 'country', 'country road', 'modern country rock']"
Real Men Love Jesus,4PUd2AwQAWY05WWR5qxig9,"['contemporary country', 'country', 'country pop', 'country road', 'modern country rock']"
Angel Eyes,63w0QA1wiV7QhF9jeiHETF,"['contemporary country', 'country', 'country pop', 'country road', 'modern country rock']"
"Easy Come, Easy Go",5F44F2EaNa5dpHNQaN8ya1,"['contemporary country', 'country', 'country road', 'country rock']"
The Woman with You,38svIEZx14taLmeQQfMFDv,"['contemporary country', 'country', 'country road']"
Joe's Place,5qkrQxsXDGN12FXvdRGpDX,"['arkansas country', 'contemporary country', 'country', 'country road', 'modern country rock']"
Where I'm From,0VeI4Zyirc6yuJ4P7fudjE,"['contemporary country', 'country', 'country pop', 'country road', 'modern country rock', 'redneck']"
Can't Get Away from a Good Time,5A8DxtqDRSfsCDC10GuRyr,"['contemporary country', 'country pop', 'country road', 'modern country rock']"
This Bar,7oSq5fbsFkTS9zeJQwMihf,['contemporary country']
Happy Does,2v08cjj3Th8RpfJgluECcj,"['contemporary country', 'country', 'country road']"
Love Your Love The Most,6HLciiLMPssno4lT4gbObT,"['contemporary country', 'country', 'country road']"
Me My Bottle And Nothing But Time,7s1WlGCzwg7etob1Lpetp1,['roots americana']
Me and My Kind,4rW9EUFaMSNVY8JhbqrB6z,"['contemporary country', 'country', 'country road', 'texas country']"
Over When It's Over,59FhRUTbBuT05t8w1dvWLI,"['contemporary country', 'country', 'country road']"
A Little Bit Trouble,5b7F5Dz5LjxMGvU3n2vqc5,"['contemporary country', 'country', 'country road', 'modern country rock']"
Jesus And Wranglers,0vgoslYFyEhs1qKMLJWg9Y,"['contemporary country', 'country road']"
Still Out There Running,4nXmBb2s8Mmkq2hGskHxiq,"['funk', 'indie folk', 'modern blues rock', 'new americana', 'rock', 'stomp and holler']"
Atlantic City,4JwjzS9WFkWlpzGCwh82fn,"['modern rock', 'rock']"
Young Man's Blues,6ywiHcxaHBR39gRhud37XK,"['contemporary country', 'texas country']"
Like A Cowboy,13bXmY0acm51KkgEdhCm1n,"['contemporary country', 'texas country']"
Porch Swing Angel,50QL2fqn6EDwpBUJ5QaQ4m,"['contemporary country', 'country pop']"
Rolling Stone,5pwotNGfCggJh0CtGT0A9I,"['modern southern rock', 'texas country']"
Without You,34slXA5D75T5S0dwYYRd4J,['contemporary country']
All Your Life,2khs94jHAVzUm3Pu4mAMmv,"['contemporary country', 'country', 'country dawn', 'country road', 'modern country rock']"
Starting Over,3TNSVsiFngfe68UJpMq1oS,"['contemporary country', 'outlaw country']"
Bury Me In Dixie,7KFbFqfBxqRtSSwkA874iv,"['contemporary country', 'country road']"
One Of Those Nights,3ZHjQSfJ46zjFbt79MAqD2,"['pop', 'post-teen pop']"
So Much Like My Dad,4FWUrFsTpMY758QPEA2M2c,"['contemporary country', 'country', 'country road', 'country rock']"
Behind The Times,53ZRA4ZJg5zBUtByHfhSac,"['contemporary country', 'country road']"
Stone,4rJesaufMl2xD0f2G8Xgnd,"['modern southern rock', 'texas country']"
Bar Downtown,4OTkPCAqMeRgQCAvAcfPYn,"['contemporary country', 'country', 'country road', 'modern country rock']"
Beer Light,4TT4e9GczkEUx1YDgJnsMk,"['contemporary country', 'country', 'country road', 'modern country rock']"
Happy Anywhere (feat. Gwen Stefani),2DwbFtfC6sXBiVDPmju8Dd,"['contemporary country', 'country', 'country road', 'oklahoma country']"
Feathered Indians,2tgQaL85WoRfgEa4hFQgrE,"['kentucky indie', 'kentucky roots', 'outlaw country']"
If the World Had a Front Porch,7AW2WsM8dc5pmXIgdn2SpC,"['arkansas country', 'contemporary country', 'country', 'country road', 'country rock']"
Baseball on the Moon,5YBblhstMENuUkLpIIfgU3,['roots americana']
Forever After All,6IBcOGPsniK3Pso1wHIhew,['contemporary country']
Change My Mind,1HhvADMkoWcqxsOVXsaO35,"['red dirt', 'texas country']"
Pretty Heart,6vC90OOjZR165Hw8CpsqEm,"['contemporary country', 'texas country']"
I Got A Car,4Fpq4QkR06QRDkujBUk0JY,"['contemporary country', 'country', 'country road', 'country rock']"
She Don't Love You,1B17jo7XD3lJ9AtrdE9kUd,"['contemporary country', 'country', 'country pop', 'country road', 'modern country rock']"
Make Her Fall In Love With Me Song,3lEfWXVeo02PI4QaX5ocV9,"['contemporary country', 'country', 'country road', 'country rock']"
Pretty Good At Drinkin' Beer,6a7wXoZOARI8IqEXObjhDz,"['contemporary country', 'country', 'country road', 'modern country rock']"
I'm Not Alright,3PURovRKyJaBmgzPfmMJ4O,"['contemporary country', 'country', 'country road']"
Dance or Drink,5EdwvDm3PZu5BmYkzcexVw,"['contemporary country', 'country', 'country road']"
Steady as She Goes,5tqOpDfDfForWXOlJsaDgs,"['contemporary country', 'country', 'country road']"
Where Rainbows Never Die,2gE58DQyqgsvsK87SWUN62,"['bluegrass', 'indie folk', 'neo-traditional bluegrass', 'new americana', 'progressive bluegrass']"
Can You Run,2kuHnZDirrymIRYKkjTn56,"['bluegrass', 'indie folk', 'neo-traditional bluegrass', 'new americana', 'progressive bluegrass']"
Wildfire,6VfY0sgS4j4JpFQH8kk4XA,"['deep new americana', 'new americana', 'north carolina roots', 'progressive bluegrass', 'stomp and holler']"
Virginia,0sQkMsh3ojWIw7CIGsXArG,"['modern southern rock', 'texas country']"
Diamonds & Gasoline,2nAHmQV9WKA6c1emQilxih,['red dirt']
Take Me To The Bottom,04FdD1nYNw8tB9CD7aNp91,['modern southern rock']
If It Hadn't Been For Love,7DQjWFjaiPULrsqgsZueF3,"['bluegrass', 'indie folk', 'neo-traditional bluegrass', 'new americana', 'progressive bluegrass']"
Livin’ The Dream,2L4YgbxxwmwafMqLIjSx8q,['contemporary country']
Stand Alone,5Gy4y79aKl44KZ2BpmgY7P,['contemporary country']
Sleep When We're Dead,77Q8V48a8jGsghvaVNWMaP,['contemporary country']
Spin You Around,1yj1ZztSGITJ5Nf4mfH92c,['contemporary country']
The Best Day,3fzDcbJZC7HoTHeH2Z1R4A,"['contemporary country', 'country', 'country road', 'country rock']"
You're Gonna Love Me,35rmHNANlX5bZBlrMMMEib,['modern country rock']
Me Neither,6A426nfNHDuTDs1uY0W0NF,"['contemporary country', 'country', 'country road']"
Little Rain,51T2SPBH4YjbrFJE94NJT6,['contemporary country']
Traveller,178OI1A3qjROeFeh8lmNwW,"['contemporary country', 'outlaw country']"
Fool Hearted Memory,3cPgnLawNeUl9YsZIBdsrs,"['contemporary country', 'country', 'country road', 'country rock']"
I Love This Bar,32jHB7W9b08OTorAqR0cJo,"['contemporary country', 'country', 'country road', 'oklahoma country']"
These Days,5nWgEBtaRwVrCMjer1RtLm,"['contemporary country', 'country', 'country road', 'pop rock']"
Then Again,2PoOVPahdBzzlX8B35XflM,"['country pop', 'country road', 'modern country rock']"
I Called Mama,2oWuBmQtYMx3LEgahIsJvs,"['pop', 'post-teen pop']"
All Around You,2su9lOnI21rEmHdBcWjM2B,"['alternative americana', 'indie folk', 'kentucky roots', 'nashville singer-songwriter', 'new americana', 'outlaw country', 'roots rock']"
Cold Beer With Your Name On It,4U9mtRXs7VaG7kgU4Hpw6h,"['contemporary country', 'country', 'country pop', 'country road', 'modern country rock', 'redneck']"
Turtles All the Way Down,4NE3oWyUQI2b2NjyMyC8Bi,"['alternative americana', 'indie folk', 'kentucky roots', 'nashville singer-songwriter', 'new americana', 'outlaw country', 'roots rock']"
Southern Voice,1fgHi1HhKJ6tB41eOWbwVy,"['pop', 'post-teen pop']"
Doing Life With Me,57YkkgxAiusJPMtiSG3w3c,"['contemporary country', 'country', 'country road']"
Three Year Old,579wiJu8HXaGXod6rU3NiB,"['contemporary country', 'country', 'country road']"
Skin (Sarabeth),6RVwPc54fYNOladqLxpxmT,"['contemporary country', 'country', 'country road', 'pop rock']"
You Should Probably Leave,2UikqkwBv7aIvlixeVXHWt,"['contemporary country', 'outlaw country']"
Bettin' Man,4wCdeawWseZUYkhN697nX7,"['contemporary country', 'country road']"
Maggie's Song,50QWBrZFAhD6N4B0tbfET9,"['contemporary country', 'outlaw country']"
Silverado For Sale,1AGXmKhp5H6d1B2OwZwQdQ,['contemporary country']
Sand In My Boots,0uRrG2jRR5tuifsYIJHEao,['contemporary country']
Need A Boat,5UmCoA8uugbNcVAfKMW3P2,['contemporary country']
Whiskey’d My Way,6HsXpHn2s6S9arU3Wy7ndc,['contemporary country']
The Great Divide,3q3lSbfT5BnQlIvGwahgAD,['contemporary country']
Your Bartender,1eIoa430A2fLhIVgoxtT9b,['contemporary country']
Somebody’s Problem,7JMUrvUgRCG7HNEywaQcXj,['contemporary country']
Beers And Sunshine,36ISlLb12gKuCCVTYXC0gb,"['contemporary country', 'country', 'country road']"
Bandaid On A Bullet Hole - Bonus,1RvoRAL612adAVrPUoAMHR,['contemporary country']
This Side Of A Dust Cloud - Bonus,0UotfxRXpJwpem9QheCD5a,['contemporary country']
Man Like Me,77LywUODoUWlQJxsKQBpHw,"['contemporary country', 'country road']"
Ticks,736KP0gdltJQWPKk0wVL7l,"['contemporary country', 'country', 'country road']"
Single Saturday Night,1irAliF0T8sLIOPJp6n7rU,"['contemporary country', 'country', 'country road', 'modern country rock']"
Whiskey And Rain,1tf4Bfk8JIKryLpWYRvyiI,"['contemporary country', 'country', 'country pop', 'country road', 'modern country rock']"
The Devil Went Down to Georgia,383Xl5QTigwj3QiA3Qc6S7,"['classic rock', 'country', 'country rock', 'southern rock']"
Talkin' Tennessee,7szRiHu6r91o2Po9GTPN4c,['contemporary country']
Summertime,3cE5ltZFHmBpiS77itKaOM,"['contemporary country', 'country', 'country road']"
UNAPOLOGETICALLY COUNTRY AS HELL,45nc69lqKe3kY9sit2UU6G,['contemporary country']
Maybe It's Time,6jMbPsH6lTOLs5n8Af26AG,"['dance pop', 'pop', 'post-teen pop']"
He Loved Her,2lARfYBthlR1HoLpd32SCM,"['contemporary country', 'country pop', 'modern country rock']"
Asking For A Friend,5mXOdtyPOL6GEuZdCyHSsb,"['contemporary country', 'country pop', 'modern country rock']"
She Ain’t Mine No More,4gslR6cfsxNBQ2bpkoSavl,"['arkansas country', 'contemporary country', 'country', 'country road', 'modern country rock', 'redneck']"
Right About Me,2BHs75vAJMEf8PHZ0ZUOwU,[]
Joy Of My Life,4EuaDcxHmHKS6gZ5iuGba0,"['contemporary country', 'outlaw country']"
Where Corn Don’t Grow,6jxQfS8A6yz99wXGpGCLzy,"['contemporary country', 'country road']"
Where Corn Don't Grow,0lChO8MEC0eWVBznAMIWE6,"['country', 'country rock', 'outlaw country', 'texas country']"
Undivided,2DINVEELpI3ibUW2EzeDs7,"['pop', 'post-teen pop']"
Hell Of A View,1kBx9VGumfuvlfqdlAGorE,"['contemporary country', 'country', 'country road']"
"Bartenders, etc...",2JyMIeTAb4bGOFa49qFG5y,"['contemporary country', 'country', 'country road', 'modern country rock']"
Joe Bought a Bar,7vCgVAQ0VFf8EqDCfgJK1Y,"['contemporary country', 'country rap', 'redneck']"
Is Anybody Loving You These Days,69u3mt4KCFagJZFmJ3Ged6,"['contemporary country', 'country', 'country road', 'modern country rock']"
Country Folks - Livin' Loud,1P7fYBkHMxj3rQI8rUzIZo,"['country', 'country road', 'modern country rock']"
"Wine, Beer, Whiskey",5avVDmK9FVJpd3MDO8I3Zl,"['contemporary country', 'country', 'country dawn', 'country road', 'modern country rock']"
Home Run,3WcQxf3f924vU8Ae6GNJ16,"['arkansas country', 'contemporary country', 'country', 'country road', 'modern country rock']"
Lonely One,5w5fbyYHo5129Ce4c7qeWa,['contemporary country']
Life of a Workin' Man,7w7kTTRdZ0huPsJR4UheEA,"['redneck', 'roots americana']"
