name,uri,genres,artist,mood
feather light melodies,7suV4LZglmw8Kf8JAMHxQU,"['chillhop', 'focus beats', 'lo-fi beats']",santpoort,calm
Rained In,19HQQW3lGcT8Yq7svGJnbA,['lo-fi beats'],Nathan Kawanishi,calm
Tiger Park,2RKFdXgtbivlmgSGnI7oEz,[],Lo'fi Boy,calm
Origami,1Iloy9vXDfjeVSwv3qHpbo,['lo-fi beats'],Deauxnuts,calm
Tracy,2wKHx2Bg7AysBPrZ9axL1D,[],Pontiac Puma,calm
First Sip of Coffee,2qnxhWmaZhgckkAwRDKxUm,['lo-fi beats'],Jobii,calm
Favorite Sause,2uUNTBmq2VBW1UMJcAqOEn,[],DJ Garlik,calm
Cherry Tomatoes,2wiH4zVyvCfadVrhGiKDxH,['lo-fi beats'],Guustavv,calm
august 20,6oXKWqp0sIbhXv8WPpgPqp,"['dance pop', 'pop', 'uk pop']",Moody.,calm
Unfolding,3uWFLpc5W2stsKLfHNoH12,[],Hakaisu,calm
Cordon Bleu,3qrGPKnwYrVgucSF6bxsif,[],G R I Z,calm
Careless,3v1O6lndJhBf7BXgnNs42x,"['contemporary country', 'country', 'country road']",Coastal,calm
5am in cairo,21NHuCeoEJ76SVggMgNsNw,[],"oh, the joy.",calm
Wanderlust,3bAOlIpMvPmdZod2cBOk1Z,['lo-fi jazzhop'],Ghostnaut,calm
Sunday Travels,41XpM95vesA6FLXijrpInL,['lo-fi beats'],Guustavv,calm
hiro,1cO3FUW4M7E56H9HcFclCB,[],lōland,calm
Sisu,3uQ33vLHvYhUC5EJvd4RuK,['lo-fi beats'],Jobii,calm
Sweet Hangover,5kGxA8CYmy5aUAcv2zHtwj,"['lo-fi beats', 'lo-fi jazzhop']",Peter Kind,calm
Flor de Maga,6YUl5cWPcgEdKl4qtCNlsg,[],Flora Vida,calm
Chips,2cXdC5qNqc5Gk0X6JtjUqH,['lo-fi jazzhop'],Beat Oven,calm
Melloton,6wJxIARTR6bs1j6lNSMhpS,[],Liam Huston,calm
aoi,5187ygBWKOWiVHM6bAtuJA,[],lōland,calm
Nites,2iZuQ9KSfzUGqRvGbU2YQi,[],Yugi Boi,calm
Haru,4HaDm2TFxJAKo0K1OKqR6c,['lo-fi beats'],Nathan Kawanishi,calm
Roomies,35LFjNao1Gix6kQuEtsyiE,"['chillhop', 'focus beats', 'lo-fi beats', 'lo-fi jazzhop']",Glimlip,calm
Nearly Home,2KIjwpSFtH2HYpKlk09oaZ,[],ZENDR,calm
Lonely in London,1EmUO9NwH6ibUpe9DIhO7T,['lo-fi beats'],Slumberville,calm
Painting My Thoughts,6DTKZsmOR9drYUqPqxe48U,['lo-fi jazzhop'],Obie Hans,calm
Earth,2APhx63Q8xpqlQ1lkomqTO,"['alternative country', 'country rock', 'folk', 'indie folk', 'new americana', 'outlaw country', 'roots americana', 'roots rock', 'texas country']",Beaumont,calm
Well Known Place,0l1leu6PWbkNW2lnpHH8bH,"['chillhop', 'lo-fi beats']",Flitz&Suppe,calm
Isthmus,58c5egFFYyDPggIzBggeOd,['lo-fi beats'],Mila Coolness,calm
Soul Mates,7pFRhCj70NUNZG4xMDEQj8,"['chillhop', 'focus beats', 'lo-fi beats', 'lo-fi jazzhop']",Jazzinuf,calm
1am in nyc,5BIwDSCZB1DVt7CJJn6UAa,[],"oh, the joy.",calm
You Don't Know,03uSlN1JqW0MI6OCl7UQEa,"['chillhop', 'focus beats', 'lo-fi beats', 'lo-fi jazzhop']",Psalm Trees,calm
Phew,2h2s62yHkjcB2icZMZG3L4,['lo-fi jazzhop'],Jules Hiero,calm
Afterlife,60FEBUWsdIp8oasrEFrp6h,[],XXIII,calm
Blue Lounge,0sp7jCGXymKybP3oagChyW,"['chillhop', 'focus beats', 'jazz boom bap', 'lo-fi beats', 'lo-fi jazzhop']",ØDYSSEE,calm
Magic Ears,01zns8ZvqSLL3gDvDiagZD,[],Tissi,calm
Midnight Somewhere,02312lZUztXbBFDXhzJbK1,['lo-fi beats'],Guustavv,calm
Second Chance,1zRxxLqv8ZsI7RwaGdI9uV,[],Sless Praismo,calm
Ocean,5tP45ykhM6iRYE2cL2Dp5A,[],Gradient Island,calm
Jasmine,1u24Ut4Enu0OeMmeB2a4wq,"['chillhop', 'lo-fi beats']",C4C,calm
sea foam,2NDAE4SuAs9GJnaLnLfMm7,['lo-fi jazzhop'],sound butler,calm
sundown,15LqhqSSDfZmIylBdlxxVK,"['chillhop', 'focus beats', 'lo-fi beats']",mt. fujitive,calm
Intimo - Spaze Windu Remix,1dRiifRAnVYqHjAEWvPNf0,"['alternative pop rock', 'pop']",B dom,calm
Balmy,1YFZOS75Mucj26ObIOdoNZ,"['abstract beats', 'chillhop', 'jazz boom bap', 'lo-fi beats', 'lo-fi jazzhop']",Handbook,calm
espresso time,5H7o4E3gjv9ywJs12d2kmM,[],lokeyz,calm
Absence,5DE13s7fSzWzZyaII7Lur8,"['chillhop', 'japanese chillhop', 'korean r&b', 'lo-fi beats']",Jinsang,calm
Kaiketsu,4sNjkwZtsYChu1gk9BnlFk,"['focus beats', 'lo-fi beats', 'lo-fi jazzhop']",SamuW,calm
Coda,12JdWwiV78PX7kk4szt9Kw,['lo-fi jazzhop'],LESKY,calm
easy,4YNtYgPcytfX1yUqf9yXOI,"['focus beats', 'lo-fi beats', 'lo-fi cover', 'lo-fi jazzhop']",Billy Hammer,calm
Out In Space,43zpjvbcrFKFxqm4qpt32E,['lo-fi jazzhop'],DGHTR,calm
Dunes o Dunes,6GdkMZ4wfNzisiJn8zotE7,[],reeperzehn,calm
No Sleep,5pJmHZ1Yirt5tzmVaYOhya,['lo-fi jazzhop'],Bobby Dreamz BIG,calm
Yuki,316XgMkvkl639PPBdOqghb,['lo-fi beats'],Nathan Kawanishi,calm
Chromatic,7mFLyUxT9SHvYpYZOWulxo,"['chillhop', 'lo-fi beats']",Kazam,calm
Reassuring Drops,6itjWG7F9xrubgo84dJ0w7,[],Jes Nil,calm
Calcium,4HbwPqQQR0XugXx2a5V9Mw,[],Bertholet,calm
Carvings,6z4JNDNIHHrLz79QET2jrA,"['lo-fi beats', 'lo-fi jazzhop']",Dusty Decks,calm
Cherish,3g61MNGRhAJoFlpiE5qpew,['lo-fi beats'],Shrimpnose,calm
Call For Spring,0TvNYHasD0uc3WNNszVmqb,[],Bauke Top,calm
Mixed Emotions,0igMjYaQwW5mUt7RIwXojC,['alternative r&b'],SamTRax,calm
Hello,4ZiuK6Y2WGVi0UajR3aIUD,"['lo-fi beats', 'lo-fi jazzhop']",Peter Kind,calm
Opulence,3rrx5ef9rcoo7LfGOLdgiY,['lo-fi beats'],Nathan Kawanishi,calm
Endless Ether,5k0MvADsuxZCmFXnN3BSto,"['chillhop', 'focus beats', 'lo-fi beats']",fantompower,calm
Weather Club,4tcM1byHyYC8FE3tsKxxij,[],Luke Otwell,calm
In the Middle of Nowhere,5SFQ6Mbny2G918Tl0KUkZM,[],Soulaced,calm
yashinoki,7JcKF4YAz6AOW1b7RjTxnp,[],lōland,calm
bringmesun,4nxTHbrP3CYZtOsdsa682X,"['chillhop', 'focus beats', 'lo-fi beats', 'lo-fi jazzhop']",Psalm Trees,calm
rooftop garden,3FUDpRdEB2nOwKR9lf6oPZ,"['dance pop', 'pop', 'uk pop']",Moody.,calm
Pharaoh,169hAO6N9IbE1nGdudQPeo,"['chillhop', 'lo-fi beats']",Elior,calm
Jiyu,07Sx03dUY4jRXXtrM7zSs3,"['focus beats', 'lo-fi beats', 'lo-fi jazzhop']",SamuW,calm
Sunflower,6RE3l6ATL0g2b4s7K9D6Ic,[],Lofi Fruits Music,calm
sunflower,1Dsvo4jg4zbpcAtYTu36Bd,[],owlh,calm
Awake,3tRzqJdt8IJGFyVJac26cj,[],Rosehip,calm
Tea & Paper,4jHgYzJkg0UdRluZC98ZwS,[],Sitting Duck,calm
Waterfall,2vIx9FiVtX8rVIhy0TsdtN,"['focus beats', 'lo-fi beats', 'lo-fi jazzhop']",Jmss,calm
I Thought it would be Different this Time,7w6gEfTguVjuys3WjRCXMI,[],Fdluxx,calm
Life Tools,1UnID8JHQyfGHZhX8mTkOz,[],Joel Manson,calm
Balcony Vibes,3qfu4A3XzXzx9fY2eXRsLj,['lo-fi jazzhop'],Katashi Kaitō,calm
Hover,2XNumkhv04B7Zr3Haj7hbk,"['chillhop', 'focus beats', 'lo-fi beats']",invention_,calm
Alone,7w7x1A6gF1EfyE52coLKxn,[],Mylo B,calm
tears (is this even real?),1WiKzAtJ6E1AGjk0VFiT1U,[],jives,calm
Why Can't I Stop?,22Ecyv8DKCCmqZFkZleEAl,[],Yessam,calm
it was love,5093y2i2JV5h2e78FI7CA2,"['disco house', 'electro house', 'filter house', 'vocal house']",nrg,calm
Killing Time,3WgPd7FVAvSxjjfdeS7wj4,['lo-fi jazzhop'],Malia Løu,calm
One_4_u,2VB8x2R7S8UCb7LhTPLnfe,[],TV Culture,calm
eventually,4xygfhMXaQeBM9pFVaND7C,"['emo rap', 'sad rap']",ENRA,calm
Indian Summer,3f5gTBfp3LWjKibsbTA0kl,[],S I M,calm
While We Wait,61YkyQUuii0m5rHxcD1ntq,"['chillhop', 'focus beats', 'lo-fi beats', 'lo-fi jazzhop']",Devon Rea,calm
San Francisco Nights,3bWN5Hibd5W2Zcz0hsM5Ga,['lo-fi jazzhop'],Katashi Kaitō,calm
Long Way Home,4vMvv3T7NXeelqnGQtLPaE,['vietnamese hip hop'],.Sinh,calm
"Later, onesie",3zsSDCP0SXxYrhookKiuav,[],khaderbai,calm
Lemon Sour in Shinjuku,4eAMEjoLSPuW0N6MnzWZR0,[],Taiyo Ky,calm
Homem,1JDdR5is4gANpzsjEklSUW,['lo-fi jazzhop'],Chancla,calm
Arise,4AYpY2kqEQk4IcwsdzLlR7,"['chillhop', 'focus beats', 'lo-fi beats', 'lo-fi jazzhop']",Phlocalyst,calm
Lost Town,4NINP7JqSvbY7nW0d9uMK0,"['east coast hip hop', 'gangster rap', 'hardcore hip hop', 'hip hop', 'pop rap', 'rap']",MON MON,calm
Better Days,0eyYj5cj4zpLDWEGII3CeV,[],Lusca061,calm
Ad Absurdum,6jQP2h18IwonLGFFs8C6wn,[],laqueus,calm
Roots,6E44XejBm1JxzOSj1Sfdbl,[],Kupla,calm
Sweet Night,3nXvvnbiijvBjuDfuUODB1,"['chillhop', 'jazz boom bap', 'lo-fi beats', 'lo-fi jazzhop']",KLIM,calm
Understanding,1vAVpTo34cjh35VVGx7DmS,[],Enluv,calm
"Dreams Are Alright, I Guess",25Kyv3ljKdvU5pqSREXt6z,[],Lofi Fruits Music,calm
Wonder,1VRCVrYfhdrfQtnJAgzI32,[],softy,calm
show me the way,5A7Pp8vHPngJGvX0clde3k,"['chill out', 'lo-fi beats']",mr_slace,calm
Aconcagua,2tVHXIMmky5mOeQrolyOUV,['lo-fi beats'],Slumberville,calm
Follow the Light,5DYrui8LydVL0AzSkrUvgG,['lo-fi beats'],TABAL,calm
Revolution,3E4dTWnLMaPDLSNj18hscR,[],ToMC Beatz,calm
Maple Leaf,0bQ3eenvwUusWM7uB9j1fa,"['chillhop', 'lo-fi beats']",Philanthrope,calm
Medicinal Sushi,3mbwQJDnCQxyclWLlj47FG,['lo-fi beats'],Chris Mazuera,calm
Golden Hours,6pFCWGvher1KJdEEsj55dn,['lo-fi beats'],Justnormal,calm
Now and Then,5YBP3Y8jFqwE7JJNXQFVo1,"['lo-fi beats', 'lo-fi jazzhop']",Tom Doolie,calm
Orange Juice,7clKjH2QghB3SmNPi5GuXC,"['australian indie', 'australian psych', 'double drumming', 'neo-psychedelic']",Sense,calm
Happy Friday,5OUWqKG6jXUQXyhjGaZYGD,[],Carl Down,calm
Fireplace,6anXmwNsau00G1wbS5XIyO,"['chillhop', 'lo-fi beats']",iamalex,calm
Mindfulness,06BYSLMHmOMOr1knt53RZv,[],Tohaj,calm
Somewhere New,4ruExpSbEiBnBa6uowGv3M,[],Kid Kio,calm
Drag Me Down - Instrumental,2U5PWftVMHfPwCxQwOQzPl,[],Kartoffel Club,calm
Trees,56ma5MvBbtjzxZsuLMYJID,['focus beats'],Honshu Lo fi,calm
Taonica,7z66nL3YErRDjn3ooQd7kM,['lo-fi beats'],Ymori,calm
Tired,7rDkeTEQYR6WbV7VFDdqH9,[],softy,calm
Café,0nEPia8hOu2kZWOFEvFVAD,[],sky pedro,calm
the village,3sHl6w5wL2D2XxQdAWiz5i,[],really big mountains,calm
Ayanapas Parabola,3ZuPTVSUn58viMEafhZasm,['lo-fi beats'],Orientale Pesetas,calm
Top Floor,0kkPb1GxoOzsP2sNJ84284,[],Moody Bit,calm
Lost in Flight,2qyJG4XyYLCMl3qIWL30ET,"['chillhop', 'lo-fi beats', 'phonk']",SwuM,calm
Lucy,094DrAu8CNYdXuV2w3DruD,['lo-fi jazzhop'],Otis Neon,calm
Smokey,4p14eOpDYsh7lxZCNDFeF6,['lo-fi jazzhop'],Crate Diggers,calm
Window Camping,5WexdSeiaYKjHkPy1lcos9,['chill out'],ROOM7,calm
Next Chapter,2aVeFGCCFGtAC267nbqg3H,[],Lofi Fruits Music,calm
distance,3gnuPcRwJl5nMrCaOzgu5z,['lo-fi beats'],Rook1e,calm
Hope,00PeFMEYbTy8WpcVguwdoF,['japanese beats'],yuhei miura,calm
Shh,2MP2pU9BEFas5fZqslCjbS,['chicago rap'],Rajstar,calm
Wish We Could Stay Like This Forever,0f0EDZUFDo8f27Dg4SmCWk,[],ocha,calm
Peaks,0PwKjuG8Tf5NhbeT7BKzY0,['miami hip hop'],Lunchmoney,calm
Miffing,482V3gj1s0CmyxggOk4OLh,['lo-fi beats'],_tag,calm
Everything I Want,68qbDkaOXGQ2lZWmwrTsfv,[],Outdream,calm
Solitude,4x92V3mO9ujs6KwBdC2OKp,"['chillhop', 'focus beats', 'lo-fi beats']",Knowmadic,calm
Purple Skies,2foRZpSWipdqRtuwube6A5,['lo-fi jazzhop'],Otis Neon,calm
Things Will Get Better... Eventually,7JalT8zThm2pjTqpKMn661,[],Lo-Fi Eamonn,calm
Byrds,4j4XQzNbPRXTNi3CJdsT5g,"['chillhop', 'lo-fi beats', 'lo-fi jazzhop']",DAO,calm
Sleepless,35B4ntwoU7kCxdgWlzuOuE,[],Luigi Valentino,calm
Dusk,0Qpz1xMQHPosxi02PjkWV6,"['dominican indie', 'lo-fi beats']",n o r m a l,calm
Rainy Mornings,2JuHQkoJjkfVOpfKXs9ItL,"['australian dance', 'downtempo', 'edm', 'escape room']",Hyperparadise,calm
Yawn Machine,3wXAeVIUbRF9pReSBdgpkE,['lo-fi beats'],Guustavv,calm
snow food,57OFW9UqdEX5YM7Zq5XoKB,"['chillhop', 'focus beats', 'lo-fi beats', 'lo-fi jazzhop']",Wun Two,calm
Flora,7vvN6jTHNBtkqLol6IEM94,['lo-fi beats'],Elijah Who,calm
Blue Book,6bwj5YpF2nZoqv5wwAFnNl,"['lo-fi beats', 'lo-fi jazzhop']",Tom Doolie,calm
Daffodils,660obXPnMHkpoZk0Z7a0Lh,['focus beats'],Musqitone,calm
If I Wrote You,0pVwoyQqtyF0GWyaMeYy6q,[],Import Export,calm
Warm Blanket,7MUEtCCUwlSCYDdwWEXhva,"['chillhop', 'japanese chillhop', 'lo-fi beats', 'lo-fi jazzhop']",Mujo,calm
Sweetest Thing,5hhqdODgbAyQtnvTyr3hip,"['chillhop', 'lo-fi jazzhop']",Funky Notes,calm
Charlie's Whales,4adqjLj6sTo2p8A3eQuAhp,['lo-fi beats'],HM Surf,calm
Lasagne,0YVUFizlbV0l7okjXGUTWu,"['chillhop', 'focus beats', 'lo-fi beats', 'lo-fi jazzhop']",Wun Two,calm
Taidana,4FAm6xEYz9lbDgJ2bg8MDF,[],lōland,calm
Center,7yEo89pS7lRKbrW8VoWIeu,[],Nokiaa,calm
Passionflower,2hsElBczGGW8n9WrG8W1OK,['lo-fi beats'],"Sarah, the Illstrumentalist",calm
A Place of Dreams,07YC5rhb7EGK3fL2Ip70tj,"['chillhop', 'jazz boom bap', 'lo-fi jazzhop']",Wilczynski,calm
we'll stay inside when it rains,0VhE5PCtSiJzk7v4a8qZj8,['lo-fi beats'],Rook1e,calm
Tao,4rkx80LC1A3RpTLkjJ8m6C,['lo-fi beats'],Cheap Monk,calm
Chills 'n Tales,1hwsXtpdJ9ELgfVhTpnpia,[],Stan Folds,calm
coffee improv,4Ymvb1vgbFzbhcKVgtJGYN,['chillhop'],b l o o p r,calm
Gloom,5rBb2uP6oXtenyXSjNee6W,['lo-fi beats'],mell-ø,calm
telephones,6rYP3OOXUMwbYbTrbublVX,[],another silent weekend,calm
Disque Magique,6FWjkgQnnOV4LvLykqbbCo,"['lo-fi beats', 'lo-fi jazzhop']",Dusty Decks,calm
blind blossom,5R3LL4RqH7fCgpKAjsZajO,[],Emperose,calm
Up We Go,4Le7OEss3Jrd5bmP9yokQV,['lo-fi jazzhop'],DGHTR,calm
Withy Nights,4EQfxGWfeCI03xhU969VjC,"['chillhop', 'focus beats', 'jazz boom bap', 'lo-fi beats', 'lo-fi jazzhop']",Konteks,calm
Up,0vMZrX9RZ8yEqaNIjUmV7y,"['chillhop', 'focus beats', 'lo-fi beats', 'lo-fi jazzhop']",Sebastian Kamae,calm
Circles,0gjH2qn0la5lyXsWsJpmnx,['lo-fi jazzhop'],Afroham,calm
Skating through the City,0c8OTPZTXDbEWkJJe5JAxV,['lo-fi beats'],Guustavv,calm
Ocean Voices,1OdDJi7ZmzkiVl2dHWKter,[],Jean Thiel,calm
Yoruba,2GcHlqRkqpQOQAMrJ6XNcj,"['chillhop', 'jazz boom bap', 'lo-fi jazzhop']",Cap Kendricks,calm
Letter,4jYJV3rxH5XiVfwH8pdbDM,"['chillhop', 'focus beats', 'lo-fi beats', 'lo-fi jazzhop']",Tesk,calm
Swim,3DzlebyYTVhhXZFg5gLFyy,"['lo-fi beats', 'lo-fi brasileiro', 'lo-fi jazzhop']",Noflik,calm
Southern Feelings,3bFpO4x141UqR9BOoKWixz,[],Sambastic,calm
Sittin' Around Smokin',1qrLuxUFn0rAGErN92uqLH,[],sumishii,calm
Daylight,21k2LGGNQAa4zDIMgmg6cb,[],hiyasu,calm
Tiny Sailboat,3bPsHHJ6EL2xZSflLsIve3,[],Kupla,calm
Law,3mZUDIEuYz8BhUKRIkoo0l,['lo-fi beats'],Sleepdealer,calm
Aurora,2yVOdH4qL3Wde8xX7Izoon,[],homieunculus,calm
whoop,2dKDCIimYHmeH4CMnVrBqH,"['conscious hip hop', 'hip hop', 'rap', 'west coast rap']",p!ke,calm
What If We Met,5aPtpl2s3lQdQWEnIPzNNJ,['lo-fi jazzhop'],Seb Zillner,calm
Night Shift,6VdE9gYhKxz8Gct9mochHs,"['lo-fi beats', 'lo-fi brasileiro', 'lo-fi jazzhop']",Noflik,calm
Bubbly,6doZtFC88RKfW3XmSHuVcy,['lo-fi beats'],Altroid,calm
Kleuiş,143F6vkMOoG7otQ9URoJr9,[],Tuan Beatz,calm
Your Aura,7iwnyFLjOXxdWFEkYGreuW,[],Jrney,calm
Decisions,693x7mqPNtiFzJSkFZcB1N,"['chillhop', 'lo-fi beats']",NAGASHI,calm
Berlin Tsukin,0MHOzZBDrPjBocW11I2Ht6,[],Taiyo Ky,calm
Morphine Dreams,7snlgbNMClrnqzWhiX6zBH,"['lo-fi beats', 'lo-fi jazzhop']",Peter Kind,calm
"memories of her, last winter",74t6wFVz6sU52IzAQcC1kQ,['lo-fi beats'],Rook1e,calm
Serenity,6mhtXeCxycdmzJYbf1rm7x,"['chillhop', 'japanese chillhop', 'lo-fi beats']",eevee,calm
Flying Over the Cuckoo's Nest‎,7psdIxeBXiYDiTcogDjzc8,"['focus beats', 'lo-fi beats']",Lofi Coffee,calm
Gasteria,4eWxdRtALlb44ggdcWVW8K,[],Gaura,calm
Coral Reef,3ElDX6t2ayq83erLIjy3fx,"['chillhop', 'focus beats', 'lo-fi beats']",Slowheal,calm
Backpack City,6Fv9r2ov4aWPArkb5cKIZR,['lo-fi beats'],Flovry,calm
Jazzin',5qfzAcduILcj6euaPXfRNC,"['focus beats', 'lo-fi beats', 'lo-fi jazzhop']",Sweet Medicine,calm
Floripa,6ZDo86HphrqZunbODFaQZm,"['chillhop', 'lo-fi brasileiro']",Ray Ben Rue,calm
Kyona,0xRlXVs5zs2ovMnbH8zIvH,"['adult standards', 'dixieland', 'harlem renaissance', 'jazz', 'jazz piano', 'stride', 'swing', 'tin pan alley', 'vocal jazz']",Two Sleepy,calm
quilted hills,5Xvd37Vu3ONfJnFDkklSur,[],ocha,calm
City Lounge,1hxcBxHHWA57B1xiDPZpNs,"['chillhop', 'focus beats', 'japanese chillhop', 'lo-fi beats', 'lo-fi jazzhop']",Saib,calm
headache,10gRgHWz059OBF7xjihFzq,[],ilaywho,calm
benches,6kUysVl9LbPBROxAvh7ZfP,[],wavcrush,calm
Don't Go Breaking My Heart,59s60VjV0daY6yEYGpKHtv,[],Lofi Fruits Music,calm
Umbrellas,7aoqkrr7KnKFMStwE6DGa7,[],ocha,calm
When It Rains,1JVdTVsyF4GPjKUYzxT25A,[],Yawn Shop,calm
North Wing,0epWzoHL7bQh4ER3OWwrEe,['japanese chillhop'],Shingo Sekiguchi,calm
Slothin',6BAUkR93Y0Q2SVjc96AS92,"['chillhop', 'lo-fi beats']",Snaer.,calm
Miles Away,6gJY9QXZ3nFZP9NvT1SkkO,"['chillhop', 'lo-fi beats']",Kazam,calm
Stripe Two,4AXc2D9pa1uttadN9MowI3,[],Tom Oswald,calm
Mindgames,4Qn7Fc5IzroNOFpyUn7Iqi,['lo-fi jazzhop'],Ganzo,calm
Acalma,1JMoN6XINwF438lICIb2qr,['lo-fi brasileiro'],Gambia Beats,calm
Evergreen,4ikLe7fG7aAVyF3hNdUHrE,"['chillhop', 'lo-fi jazzhop']",Zmeyev,calm
Muji,23GCq0VGusMwFEnZy4tdPN,['k-pop'],Lilac,calm
Cataclismo,4ehfdF4oAOFaryz3qhEHVT,['lo-fi brasileiro'],Leo Franciozi,calm
Asleep,3cKdKO3W5HVpTglCLGf0Jq,['chill beats'],Fractite,calm
Slushies,69HmwjbEslTDyPvHK1RucH,"['chillhop', 'focus beats', 'lo-fi beats', 'lo-fi jazzhop']",Karavelo,calm
Lofi Social Distancing,5CFS3mAbzHObeq3RH3egGD,['lo-fi beats'],Single Friend,calm
Céleste,3K5Gqh7UtYJp8MYaAIMWqd,"['chillhop', 'focus beats', 'lo-fi beats', 'lo-fi jazzhop']",Psalm Trees,calm
Midnight Cruise,1VcGy9lHgUZnwXfFYr8N8k,"['chillhop', 'focus beats', 'lo-fi beats', 'lo-fi jazzhop']",Board-Man,calm
true hallucinations,43Ef4i9PyqtXJK29cIeC76,"['chillhop', 'lo-fi beats', 'uk alternative hip hop']",illiterate,calm
Eremito,4K4tXvsNSkxkmo88sdjdSH,[],Morpheus Two,calm
B U M M E R,5vZ1DfRwPTjss87r1FMMCH,[],Chkody,calm
Bourbon Street Jazz,6pxVOAeHks92DfYKWoABgw,[],Mvdk,calm
centipede,738BMGL6ZJD8e9Xv4H6Kk2,['lo-fi beats'],Aphisto,calm
On My Way Home,3UwKfXx1SdJSxnzG2gYkgc,"['japanese jazz fusion', 'japanese r&b']",Kan Sano,calm
Cherry Blossom,7clDJ3V08JCzS8eTJOhk69,"['downtempo', 'electronica', 'livetronica', 'nu jazz', 'trip hop']",Cloudchord,calm
Quetzal,5avlDZmpzaa7SkCZCNcqft,"['lo-fi beats', 'lo-fi jazzhop']",Otaam,calm
Palm Trees,4oPlEhJKavE3S3ZEYREZWb,"['lo-fi beats', 'lo-fi jazzhop']",Loop Schrauber,calm
Withdrawn,0uzPF5dc3o3yBNx8rDtJbn,['lo-fi beats'],mell-ø,calm
Better Together,0PO1YxbnvzYayge7GgQFQ2,[],Lofi Fruits Music,calm
Misty Harp,7tdarAf0mBavxlpm5tUBN4,"['chillhop', 'focus beats', 'jazz boom bap', 'lo-fi beats', 'lo-fi jazzhop']",Konteks,calm
Once in a While,5gFQbmmNupeEeiK7sG86vc,['lo-fi beats'],No Spirit,calm
River Bend,2eH7Nf9HA71e3gyMgszygq,[],Hydrologic,calm
Mirage,0ip5iK9MlqO78E5HG5Uhip,"['chillhop', 'focus beats', 'jazz boom bap', 'lo-fi beats']",leaf beach,calm
Y,1nyuf5arf1SxflGNeWso26,"['chillhop', 'focus beats', 'lo-fi beats', 'lo-fi jazzhop']",Smoke Trees,calm
Duke,3MUlUDpXYBsuRTordGicC0,['lo-fi jazzhop'],Schmiddunsk,calm
Uferlos,6sJiPhzfbemXoMly0KskYT,"['chillhop', 'jazz boom bap', 'lo-fi beats', 'lo-fi jazzhop']",FloFilz,calm
Waiting,3gzUcCMArMURXCTB7pbGWD,"['focus beats', 'lo-fi beats']",Fthmlss,calm
Popcorn,1gdqB5tWYPawR85YjjNRTf,['lo-fi brasileiro'],Simple Lo-Fi,calm
Homeboy,3oGQ8l61l9FVwjacyXONfp,"['chillhop', 'focus beats', 'lo-fi beats', 'lo-fi jazzhop']",Tesk,calm
Green Aventurine,4hoH2ANrP5uJLFgihaOL2V,['lo-fi beats'],"Sarah, the Illstrumentalist",calm
BoatHouse Diddly,7d1M43sLRgr26Ab6YfCS0I,['lo-fi jazzhop'],URCHN,calm
Interstellar Sleep,5vWU2S2AHHcCCUYWFCc5Tq,"['chillhop', 'focus beats', 'lo-fi beats', 'lo-fi jazzhop']",Wun Two,calm
Dive,45oA1hk6TDkfDo56qYYQQb,['lo-fi beats'],Moo Latte,calm
marseille,2VsK4AJRb1Fnsx1Zk3w7NM,[],connor,calm
Quiet Nights,6NyUKv40Lorxjlet7IltHJ,"['chillhop', 'lo-fi beats']",Epektase,calm
Wasabi,42gZWs4oc1or0vGQLtkVM3,[],NickyDiesel,calm
Difference,0UwSOsgwWL0TWDV0wIvkms,[],TheeAgris,calm
Yesterday,5KBDAXmuln6oyv91AFCZtb,[],w00ds,calm
Urban Landscape,6XhSE4t1PDQtOV600IlIPe,"['chillhop', 'lo-fi beats']",Kazam,calm
Sabrina,0EOYfOyUX2MtToXw2iUERC,[],PawnShop Guy,calm
Chill in Lydda,205BdRvvSaHf4LldyoRIkM,[],Hazy Noir,calm
Yugen,5Qxkj85iFpJKPGb1JRq48F,['lo-fi beats'],Nathan Kawanishi,calm
I Never Finish Anything,47x5zniJZxNvDuL702XPIc,[],Velabeats,calm
Sundown,3xNZP70uRdHJK3lZJ8OfJr,"['chillhop', 'focus beats', 'lo-fi beats']",Arbour,calm
Moon,662vyfywpomOVdnyHFArba,[],Matchbox Youth,calm
Float Away,4AGy7inWougWeGj0yuuqIB,[],Redmatic レド,calm
More Time,2Tgv0ulhEINEmtJ1Blh0lO,['abstract beats'],Sweatson Klank,calm
Airport,6dFxxsD6v41RDLEXnrdpFU,['lo-fi beats'],Sleepermane,calm
Gong Gong,2U6s0K0J5tEXtNHsO2xOt8,['lo-fi beats'],Orientale Pesetas,calm
Float,13SKaktrtIUyqwWcHvwnIO,"['contemporary country', 'country', 'pop']",SPEECHLESS,calm
Breeze Machine,5F0wvcZnwbW88vARSp8rsh,[],Spectacular Diagnostics,calm
Life,2LoBlYBwkyzWofG9m8C3zo,['lo-fi beats'],Slumberville,calm
st. mark’s place,4HXuZde89plw90HUI8qGPN,[],really big mountains,calm
pheuratix,2Gurqr6KIekGwLiCt0gGKX,"['chill out', 'lo-fi beats']",mr_slace,calm
Softly,7vCWMzRboCPU1OudPPUiO8,['lo-fi beats'],Guustavv,calm
Pearls,2Vjg5rtBcuzx99SyAOHJsD,['lo-fi beats'],Sleepermane,calm
Murs,78ArpDb5Osq73VkMAgPHeD,[],byJ.,calm
Space Dust,2NQRi4Wzc5a3N4Rg5vsH66,"['contemporary country', 'country', 'pop']",SPEECHLESS,calm
lo-fi lunatic,4R6ipGGtFc4zWo7G4vRjkU,['speedrun'],Geometrical,calm
Pomelo,5ltlP91dDK8QED7epzFE6R,['lo-fi beats'],Jobii,calm
Laid Back,4obY44lU6QLfMvmVauZBsy,[],Sinan Öktem,calm
Affection,2pw5CG2m57Zr3gkLMlzGcB,['lo-fi beats'],Önigirisu,calm
Goodbye summer dream,25jkKoIGeIIFeT3dVPuffM,"['lo-fi beats', 'lo-fi brasileiro']",Pueblo Vista,calm
Akira,1psFLvFKepB9ZL0QGFo0xl,['lo-fi beats'],Nathan Kawanishi,calm
000,6DS76JPaRKd9hoTowobY0b,['lo-fi beats'],Bokki,calm
ballpoint,1NcRGYcwoBKGTYbqdpTB1O,[],vibe academy,calm
Aspen,0w7HY9VhJF5KHPqhOyY6Sg,[],Nokiaa,calm
The Spreadsheet,0NNbu5r01UaqvlZNNb7VGe,['leipzig indie'],Me And Reed,calm
Winter In Lofi Land,0QiMXPWqr4HkJICdUxAwCw,['lo-fi jazzhop'],Katashi Kaitō,calm
lights down low,7tiihHrSDgsWiUCZH03vUO,[],oktav.,calm
Iris,4Y3EegnlSZe3AtJGP7TWUz,['lo-fi beats'],Sleepermane,calm
Resolution,5k19Jf7Gn4bvb59dmTIeOT,"['australian indie', 'australian psych', 'double drumming', 'neo-psychedelic']",Sense,calm
Vibes from Another Universe,0QdEYA4cSLejDpF7BJzCEt,['lo-fi beats'],.ihaveaface,calm
Shoelace,4F6SOjwUmWsVF3jU1uYagm,['lo-fi beats'],Smartface,calm
Marble Valley,0NzG4Rm5JavcrituQfn41A,['lo-fi beats'],Justnormal,calm
Solstice,74XhwnE3qbZkksZmZnr0oY,['lo-fi beats'],Dontcry,calm
sleep static,3Y7o45SbDTvzKrlkVLut4y,[],luvwn,calm
Samui Sunrise,1D9DJXFwwB91MBatZ7wnSv,"['chillhop', 'focus beats', 'japanese chillhop', 'lo-fi beats', 'lo-fi jazzhop']",Saib,calm
Wake Up to Snow,2JwYE16qcfGd0I4kEhtNE0,[],Nokiaa,calm
Sofa,4smtP3JR66IK5fShrz30fh,['lo-fi beats'],Sling Dilly,calm
Pelekas,1GS4cVWVcE2mYUfT807H74,['lo-fi jazzhop'],Portaledge,calm
Waiting for You,1eN0D2pAR1hou4iEuXQkYQ,['lo-fi beats'],mell-ø,calm
Emerald,1rNvi5tSwyjW2gFPtwm5IK,['lo-fi beats'],"Sarah, the Illstrumentalist",calm
My Turn,2YTSoOzG0Q0lXwj2DXvbQC,[],Florence Ada,calm
August - Vacant,0f9mCjcefox0H8ucJkvSqa,"['alternative pop', 'alternative rock', 'art rock', 'boston rock', 'dayton indie', 'dream pop', 'indie rock', 'lilith', 'lo-fi', 'post-punk', 'rock']",The BREED,calm
Azóia,5ocfJA2ztMZRUq0n0aiWeV,['lo-fi jazzhop'],Chancla,calm
Supercalifragilistic,4GJSBizltiVQLwPwI3Q0CP,['lo-fi beats'],Dubtrack,calm
Desire,7sSM9aNf1VNEWA92HXSIVf,[],Maadrhino,calm
Smokin' Hot,2XSEGpiRl9lbQj7gpRVRN7,"['corrido', 'nuevo regional mexicano', 'regional mexican', 'sierreno']",Ariel T,calm
So,3fDHHkOEw2Fr8km3T4ixYQ,"['deep house', 'electronica', 'float house', 'indie jazz', 'indie soul', 'swedish electronic', 'swedish house', 'swedish synthpop']",HNNY,calm
Marseilles,73A8iMUJT1zWv2UKLek1NX,[],French Connection,calm
always with you,13MfbGSs8kd5JHpP16EYOw,[],lisa millien,calm
Dividuo,4zn6AbQ2YrSVKsOQUdNd3y,['organic house'],Jiony,calm
Flight,7zYv7Uxgzbl0E8akrZKhQX,"['chillhop', 'focus beats', 'jazz boom bap', 'lo-fi beats', 'lo-fi jazzhop']",Axian,calm
ave,5HhaAeZReuplSO2gpe4j2z,[],lōland,calm
Good Morning,0RVzAEJdh4VsuRIkLqmo7t,"['j-rap', 'japanese beats']",Green Assassin Dollar,calm
Cosmonautica,07pRTCiGDg9GqThu27knkF,"['chillhop', 'lo-fi beats']",[ocean jams],calm
Ideas,3ZVbXceXHOIaN5YLyTl3fl,"['classic rock', 'folk rock', 'mellow gold', 'piano rock', 'rock', 'singer-songwriter', 'soft rock']",Vienna,calm
Lofi Ending Texts With HAHA Too Much,1yGQbWKHWfsuI5ezrGwYxi,['lo-fi beats'],Single Friend,calm
Wee Hours,1AmusTPVvkxMo7pTKrGWoE,[],Sobremesa,calm
Jazzy Afternoon,4zT7o5DXTHqujNoe4tX1y2,['lo-fi jazzhop'],Codename Chinadoll,calm
In Life,1OfykQiqp1B9MmP7ZnRfMk,"['lo-fi beats', 'lo-fi jazzhop']",Tom Doolie,calm
Mexico Lofi Beat,0q4M1k3QQqNKyJM2U2jQKu,[],Deejay Lofi,calm
Witchcraft,1uiT63udKgbNoKnwr6ZQ2N,['lo-fi jazzhop'],Malia Løu,calm
ADayMakes,70LYzaVgk8DmfLlK0Kvi8z,[],braj mahal,calm
Mandarin Duck,5py4uqhXeeXmhT1yPxfKIZ,"['belgian rock', 'lo-fi beats']",Styn,calm
Six Strings and a Beat,324eIxm0oOB6zw0UfKAv8M,['lo-fi beats'],The Jazzister,calm
Train to Kawazu,3KenYdGO8m8SP9lKltX3Rg,"['dance pop', 'pop', 'post-teen pop']",POSY,calm
Beautiful Day,0QJZfSojwmW5KdinxbeudF,"['focus beats', 'lo-fi beats', 'lo-fi jazzhop']",Jmss,calm
Sway,3KpDwmhldQlg8javP9MdK2,['lo-fi beats'],Sidual.,calm
falling leaves,0uM5goCfGz4kD9sGwN6UiW,['lo-fi beats'],Mura Kami,calm
Hawaii,6N0wKoHDvZfrylcBlKV9ZP,[],Ahe Bane,calm
Next Time,0DpD5c2qU65xSzEIVy5Paw,"['chillhop', 'focus beats', 'lo-fi beats']",twuan,calm
Oxygen,3fIC27dzKYk8nlg2OVskO9,['lo-fi beats'],Sleepermane,calm
breeze,5wLIDum3pC9DyHNkNftQVv,[],pu44in,calm
Ice Cream Sundae,6hNXSJOGquGdnbzgRsNLFv,['lo-fi jazzhop'],Burrito Brown,calm
From Above,6ihShsw88Cq1gnSF2JvZxd,"['lo-fi beats', 'lo-fi jazzhop']",Peter Kind,calm
Candyland,4XBSS8cAqYijn02HTA9mdq,['lo-fi jazzhop'],Otis Neon,calm
Multidimensional,74PHS8w06Hu5pwa7rB2mF9,['lo-fi beats'],"Sarah, the Illstrumentalist",calm
Nami,75yJ9E4X4VDs9qbezGyQkp,[],lōland,calm
Seven Eleven Day,6ZGjzFbyoujuPdBpGLYKuC,['lo-fi jazzhop'],Duan Wasi,calm
loch - Jiony Remix,7kyPt38j09aZP1eGAe7pRX,[],pu44in,calm
Curls,12Qc8qZtUTwpi4Fm4pa4V0,[],Apsa,calm
Ripe,2rMqcVCkbxkXkNYGNxblze,['thai folk'],Hugo,calm
Pizza,7j1Y0cl0RqV74Gl0eSvDgS,['lo-fi beats'],Statistix,calm
Imagination,7baCETni4Hz0bCTZTeB7Fv,['lo-fi beats'],Sleepermane,calm
Moscow Mule,06NGkjaA9pBr6LhpumaQ0G,['lo-fi jazzhop'],Schmiddunsk,calm
Lemon Wedge in the Sky,2HL746RqBIfvVZZK0FLuXM,['lo-fi beats'],"Sarah, the Illstrumentalist",calm
canvas,4dJWKnaDMhn8Nik5BQ6bi8,['miami hip hop'],Lunchmoney,calm
Central Park,6sKWKNv43aKkfm8SKgXfsN,[],Sineg,calm
nubes,0NNevo5WdD4HMdJ8e36FcD,"['lo-fi beats', 'lo-fi jazzhop']",Loop Schrauber,calm
Within,0c5nFjTVt1QvjtFmg5Jz0W,"['chillhop', 'focus beats', 'lo-fi beats']",Kavv,calm
Forest Fruits,44gzwgBn5zkTduaYghWmvb,"['chillhop', 'focus beats', 'lo-fi beats', 'lo-fi jazzhop']",Cantsleep,calm
Festival Das Flores,1iOLP2b23ho6oOozxUNsVR,['lo-fi brasileiro'],Leo Franciozi,calm
Sedona Vortex,4IshTyrPmBuveZFdXteORF,['lo-fi beats'],"Sarah, the Illstrumentalist",calm
Don't Mind Me,5kJjcGRw4cyeNuwfJVgQRf,[],Lofi Fruits Music,calm
Onix,2ACni5f3ygh8s8gZkuCTb3,[],Milo Beats,calm
Sailing into the Sunset,0qN6EH6aJmGA7VBNfRufuE,"['chillhop', 'jazz boom bap', 'lo-fi beats', 'lo-fi jazzhop']",Smuv,calm
Second Sight,5idwko86CzvSjX8QdPHC7m,[],Mensing,calm
Cascada,0ezc0egpgUhBvoCWGx54fC,"['chillhop', 'lo-fi beats']",Juan Rios,calm
Nocturnal Jam,004OSCpetjM9yvyptALSea,['lo-fi beats'],"Sarah, the Illstrumentalist",calm
Lay Low,5Y9v0SLYfeDtgToS3dxtMg,['chill out'],Gallway Flex,calm
Tinned Tomaters,7LHZt7lN6nFUkxeU6VwAi8,"['chillhop', 'lo-fi beats']",Dwyer,calm
Yooo,0JRjnHIVTbSAKsjAJKDaMk,['lo-fi beats'],Ozoyo,calm
zero to none,0wb7JvyyHS34Hy7o6NQDBA,['lo-fi jazzhop'],Codename Chinadoll,calm
Sunny Sad,0jMwQvmoKDxaMaRx0cqsaP,"['lo-fi beats', 'lo-fi jazzhop']",Peter Kind,calm
Shallow Water,0K5csd4qfsfVQxm0er12C7,['lo-fi beats'],Weedthief,calm
Testing Tubes,0z7GuzX6SvdWx7KDW5Zxg6,['lo-fi beats'],Praizee,calm
Topfen,09z0KhqgKDpjmHSk9Uhz9J,['k-pop'],Lilac,calm
Smear,5d5MGTGygirIvYMCC6IxUs,[],Alan Peach,calm
Parmigiano,5VOIdrlpn3hQf0RCAV82jV,['sad rap'],Fatb,calm
Do I Wanna Know?,5q2RrKxolPmERgX5u3Vv9Q,[],Lofi Fruits Music,calm
Guadalajara,6DaaCVx7jYnPf698tcVOiO,[],Kaizen 92,calm
my sound,3ETXoZlQFyJPuO2B3yhByC,[],sonolon,calm
giza,6JSLJcMsjyx5aBQkCF8P1A,[],Sxmniak,calm
Cedar and Candles,2BGI9Z5cibuHfGfip7XLmO,"['chillhop', 'focus beats', 'lo-fi beats']",LeVirya,calm
Soulitude,29SEL6NwWVOC1m8Gl4wiFm,"['chillhop', 'focus beats', 'lo-fi beats', 'lo-fi jazzhop']",Psalm Trees,calm
sand,2MsXZzHVDQ0NJRA2x2S7QT,"['jazz boom bap', 'lo-fi jazzhop']",MF Eistee,calm
maple,41ugs79zY0OjeEn4IA23Is,['miami hip hop'],Lunchmoney,calm
Riverside,5ExUDY34DggS9M8KazPNwg,"['focus beats', 'lo-fi beats', 'lo-fi jazzhop']",Jmss,calm
over,2RE9CDwbxPRv1m7ZGT6sFI,"['dance pop', 'pop', 'post-teen pop']",mai,calm
Hammock,0ambX30UNfoe1v0svu5Of5,"['lo-fi beats', 'lo-fi jazzhop']",damaa.beats,calm
Jazzitorium,0kD9c4nq3MP5lT0GMel3rC,['lo-fi jazzhop'],Max I Million,calm
Flight of the Mitoglider,1K5whJr9TAgFAohNbp26Qg,[],Myriad of Trees,calm
dazzlin' walk,6gbWuQzPD5kDPoI7MOCuZw,[],Howtodie,calm
Jazzclub Solitude,0oimP7Y3nGjmS5ZVywP35Y,['lo-fi beats'],The Jazzister,calm
Cashmere,1vWaSsuHYVTiIYGA2SNWrZ,"['chillhop', 'focus beats', 'lo-fi beats', 'lo-fi jazzhop']",Karavelo,calm
Stubborn,5V5k7bWujvUqxF1lTp9hS1,[],Jamilo,calm
Frosty,3RTxHWoCTSlSMv9z7UETza,['lo-fi beats'],Sleepermane,calm
Friendships,114Ek2fEuyckHfMPDmLITJ,"['chillhop', 'german boom bap', 'jazz boom bap', 'lo-fi jazzhop']",Figub Brazlevic,calm
the dark side,7ymG0YQtuSiSVJSBQ3E8jy,[],mooncycles,calm
Lullaby,39EM24NADUHcf6vcZIFWKf,['lo-fi jazzhop'],Lætitia,calm
Sunhat,1coFcVuX3Ws09wptKbIzKE,[],Phil Morison,calm
Introduction,0nFs6889dSVMlQTV5GOfOL,['lo-fi beats'],The Jazzister,calm
"slow down, breath deep, be the willow",446XTzkmwnMgf0RqbSG0rn,[],Mellow dive,calm
Acryl,6rgbyltgc1i7EpI5ve6urv,['chill out'],Norabel,calm
Crooked Teeth,34LxyFgZRD3BZcNA56vVOT,"['emo rap', 'sad rap']",.anxious.,calm
pathless,2twCuhMf8cmQGMMC1Wlbde,[],Goldusk,calm
Sxs13,73Oxy2zrZMTFgFARikF4UA,[],BXT Aer,calm
Jazzy Winter,6MzyclGrr8mFu3tWUDilzX,['lo-fi beats'],Guustavv,calm
It's All Subjective,4ZEu6K8xFemBWjKXxthzt6,[],Fallen Roses,calm
Bassin,4IA07rs82KIjWfWrGzw2u7,"['electro', 'filter house']",RINZ.,calm
A Jazz Club in Paris,1dsy7hkRc4JnAFqdr0khpI,['lo-fi beats'],Clément Matrat,calm
Almost Blue,2NpWNuTKG10ipJQcIHuoUz,['lo-fi jazzhop'],Schmiddunsk,calm
gone,2yYbsgAPuvoFQyomzNvmB0,"['chill out', 'lo-fi beats']",mr_slace,calm
I Love It,31F2bGsdd0rSQhXnApICfu,[],V.Raeter,calm
Rolling Circle,5VcK0OsSjiNu5ej4Xyv6qd,['lo-fi jazzhop'],Malia Løu,calm
Gardens,7A1AodROk0U7bJbS1V1caQ,[],YumeBeats,calm
Evade,13cKNRwCPa4ykh9gjXamqe,['lo-fi beats'],Jobii,calm
Nos Usamos,1is3m5JZequlsvuWF11f7s,['organic house'],Jiony,calm
Reading Between Lines,0iSgA62JUDF2W8OGVVmPv9,"['focus beats', 'lo-fi beats', 'lo-fi jazzhop']",SamuW,calm
Island Time,0HOGdLkCrgZ4tKhyHyGDXJ,[],squeeda,calm
puget sound ferry,3LHiIJSVdlukcmebvG0zs3,['focus beats'],nobuddy,calm
Creepy Stairs,4oNXTcasIk8toQWO4ZU3Iu,[],Knutsson,calm
Great Falls,6BY800LJUPLUtIPktfu6Rd,[],Low Phil,calm
scorpion,6BVEOpoNdxzc9hr98laIaX,"['chillhop', 'lo-fi beats']",Joe Nora,calm
Pug Life - Instrumental,7usDnd3jQUDUTVmpsaO1rc,['swedish underground rap'],Beatslingers,calm
Lofi Audition For Marriage,1YTNyRwdSkuef5HeQg2Ff2,['lo-fi beats'],Single Friend,calm
blurred,5Yo7OigUUoLn4rWn3KqieE,[],Korben Palace,calm
Come See Me,1VHh8XW9bq2PXl9UIc0XyU,['lo-fi beats'],Justnormal,calm
Hashimoto,2Bx4MNPTMsuW07g2j3t9b9,['japanese chillhop'],Stapes,calm
In Here.,5H8QUv9JXsi9aPEFxt3NBZ,"['chillhop', 'jazz boom bap', 'lo-fi beats', 'lo-fi jazzhop']",yeyts.,calm
Flor De Verão,06I8PmyM1XKcwruwTshTRr,"['belgian rock', 'lo-fi beats']",Styn,calm
Sex Planet,2JW1P7PCV6JxAZ1WWc45HS,"['chillhop', 'focus beats', 'lo-fi beats', 'lo-fi jazzhop']",Wun Two,calm
Pineapple Jam,3jC14t5vOM1YQCsPdf2ZKd,"['chillhop', 'focus beats', 'japanese chillhop', 'lo-fi beats', 'lo-fi jazzhop']",Saib,calm
Jams,6g409w323C0LopwBxrLTC7,[],UNCOMMENN,calm
Arabian Nights,0INpmrwJrtxvkByMZXvoLl,[],Robin Slap,calm
Hey Chuck,1ZjyCYFu9OtCY54IQr6eqh,['lo-fi jazzhop'],JAY VANILLA,calm
Filete.,5Rd91QBS7xafFgiIBAU2Mo,"['alt z', 'electropop', 'indie pop', 'pop', 'post-teen pop']",Mora,calm
Nah Nah,4H26gkuBvpr2pCIB5KlRPi,[],Nokiaa,calm
Trust,3YHEsLhBbJJ0PZIagVW29j,[],Baskito,calm
Alleycat Jazz,6tgVK6HUOJQwUBTbG5828o,"['chillhop', 'jazz boom bap', 'lo-fi beats', 'lo-fi jazzhop']",Moose Dawa,calm
Calm,2NLdkXP8IzzRcfyN7NsuZZ,['japanese beats'],NICKELMAN,calm
Peace of Mind,0saYRXEgGbjQSYgPARXk3J,[],Ile Flottante,calm
Soul Samba,5dXLtzJjCFsO8DvoecXbez,"['chillhop', 'lo-fi jazzhop']",Zmeyev,calm
Salt Lamp,42JPhBkcrAn8wfZn9xdSzO,['lo-fi beats'],Jobii,calm
counting stars,2I0Y9S45ytIc5SSCwZU4MH,[],the sharp shooter,calm
Sleep Paralysis,3XJF46WdiEgv12Em7qw9zK,['memphis hip hop'],Fona,calm
petals falling from the cherry tree,6SQIUSVmT3cE41g46FFlGK,[],AOI,calm
Cityscape,0WZ4gtS8RX39NqF1xhAXbQ,['lo-fi beats'],Guustavv,calm
Cetus,54xLHVo2fDy0vSJYfvWpRd,['lo-fi beats'],"Sarah, the Illstrumentalist",calm
Swirl,5vY0l8F9E49cMvqNnvCqNg,"['lo-fi beats', 'lo-fi brasileiro', 'lo-fi jazzhop']",Noflik,calm
When I Meet You,3uJlTYNIYUED9ebt1o6lSb,['lo-fi jazzhop'],RejSende,calm
Midnight,2wHblxjaEJXc59Uqa6QDpJ,[],Bhxa,calm
Boarded,3TYZ8OUPMZ0O6AiMRmv5lP,['lo-fi beats'],Sidual.,calm
Lazy Café,7jagwJQLzpvwV8WstNJgST,"['chillhop', 'focus beats', 'jazz boom bap', 'lo-fi beats']",leaf beach,calm
Chamomile,7dsGyuU3FLnaLBijexJhJW,['lo-fi beats'],Cat Paw,calm
Mi Sento Bene,0V7eihVQ0iklRQohwBlOIw,['lo-fi brasileiro'],Simple Lo-Fi,calm
swept away,13dy7U1olaHEBqd009EPDl,['miami hip hop'],Lunchmoney,calm
minas gerais,0vIxkA4KHFhzFwSpcB3v1J,['lo-fi brasileiro'],Pelicano,calm
Raindrops,5Jl1pMK3ffjw5nkbFUlseM,[],Pink Hoodie,calm
CHELL,5dkVBIuK2PduvdFE7nWsy3,[],neardeathboy,calm
November,1P2KTVsZsYPPsogTGBzdpt,"['chillhop', 'focus beats', 'lo-fi beats']",LeVirya,calm
Snowflakes,7HMjInXv6gIwgaA38r9nmf,['lo-fi beats'],Sleepermane,calm
Snitch,6md215hQKZ36UTfqIXnlUI,[],Blue Cousins,calm
Whiskey Sour,2VfsGpk0cMWyzM42hqKu5r,['lo-fi jazzhop'],Schmiddunsk,calm
Eleuthera,2Ows4rDdgCOJplYdZ5KycE,"['dance pop', 'europop', 'lilith', 'new wave pop', 'pop rock']",Tor,calm
Sinking,0W8Dk8pYxLHGnfLjaCpfEY,['miami hip hop'],Lunchmoney,calm
As if I would,6MrlhNXeeaOaYP3di26Vaj,[],Lofi Fruits Music,calm
Stranger Thing,373SKKpg5dL84hqHU3sVUG,"['chillhop', 'focus beats', 'lo-fi beats', 'lo-fi jazzhop']",Tesk,calm
Izuhara Land,3T2SiudsLNrENi9JHpG0FO,"['chillhop', 'japanese chillhop', 'lo-fi beats', 'lo-fi jazzhop']",Mujo,calm
Melodiya,1Q11ARVhgnMdhsMheqjNLk,"['chillhop', 'focus beats', 'lo-fi beats', 'lo-fi jazzhop']",Psalm Trees,calm
Brazilian Beach Dreams,5eWuVGnyuAPAQn7HlnwimU,"['focus beats', 'lo-fi beats']",Lofi Coffee,calm
Moon Groove,0oRUtViRB6gnyq3E0JFlJM,['lo-fi jazzhop'],DIRTYTHREE,calm
By The Oak Tree,4U0qDxrvFt41T3XbXuPRbQ,"['kentucky indie', 'kentucky roots', 'outlaw country']",Featherz,calm
Plane crash in Paradise,1F5nK1fVsd1aydJDNQ86lH,['lo-fi jazzhop'],popadiclo,calm
Walking Bee,0A3gHKIjWgyp3Bo2ag4NGl,[],Vee Dae,calm
Air Mattress,0MZufg3EiJCt9TnQVHiSCk,['lo-fi beats'],Sling Dilly,calm
Digital Wallpaper,25DpSAlvzZSdYYYAq405T9,['focus beats'],Lightfoot,calm
Social Distancing,3SSE8zrdsyBBejRjGpcKhd,[],Slow Dreamers,calm
Going Home,6UH10PmCGSxxNbim2paArg,['lo-fi jazzhop'],Dualizm,calm
Your Face in the Rain,0Q6LR96DpEXNaYoqkEZ4Lf,[],Sleep Guru,calm
Afternoon Tea,5jAvxaKjtx8Tmk3yknPIkp,[],Rebecca Mardal,calm
Next to You,6zu7un1Pm50Prwl7zvZuiI,[],fourwalls,calm
Sleepwalker,4EeLLzkXEADfwvi5TcAbRD,['lo-fi beats'],Smartface,calm
Home_,1xtGl9Bz444K4f7mvyYTKm,"['chillhop', 'lo-fi beats']",Toonorth,calm
Tropical,5C4QVrg1xnTqqJAON5VbAi,"['chillhop', 'jazz boom bap', 'lo-fi beats', 'lo-fi jazzhop']",Smuv,calm
Orbiter,4VjTchvffUm7NE0CaJ6aau,['lo-fi beats'],wuf,calm
Walnuss,1XroJOAZoFNNddaCnWGYRG,"['chillhop', 'jazz boom bap', 'lo-fi beats', 'lo-fi jazzhop']",Plusma,calm
Going Nowhere,5qS7mRgwRm9Rj9s6hU8spF,['lo-fi jazzhop'],Schmiddunsk,calm
so what so long,6jMlaEJKGdEn6bfeNmPkWL,[],beatsailor,calm
Humanity,7jz38es7QDNXTZVA0hjlQh,[],Kiabits,calm
Kingston Upon Hull,7cxvYPkUqvWDHO4WhHZCCi,[],Heather Grey,calm
Analogic,2nIEp6f8Hv4CY7XV7OzAWY,[],Inmune Beats,calm
Pyrite,7AP6EfiA3XH360wVXMICXr,['lo-fi beats'],"Sarah, the Illstrumentalist",calm
Relaxation,5vFrE0hdL2W3d30z3a4XJz,[],Muzraeli,calm
El Sol por la Ventana,6jo4enDzLZjNaod4zmgzXc,[],Dj 113,calm
Jewelry Remover,2FllN4dJIdS4BvqJkTrLmZ,['lo-fi beats'],Justnormal,calm
mastery,6SPP3kILqolHVCLrIfFEmk,[],Burēku,calm
shadows,3fb2fG3tBK0Iqe9fzhLsxz,"['atl hip hop', 'pop rap', 'rap', 'southern hip hop', 'trap']",DRWN.,calm
omph,5eCFoX44ZDRi5P9BAbcYEY,[],st1cky,calm
Signal,5lJ5yLyU2tpN7Y2fvEgN3a,['lo-fi jazzhop'],Screen Jazzmaster,calm
it’s full of color,3v3vr9kta6O2srgSd02LJn,"['alternative americana', 'indie folk', 'kentucky roots', 'nashville singer-songwriter', 'new americana', 'outlaw country']",just let go,calm
One Note,6lTIzGOH1lOs74J6ZSSgoQ,[],Nometronn,calm
Chinatown Boulevard,06Wbx7mIE55n6Nq5ybvyvu,[],Imlaylow,calm
Loto,2i52hcNgy0k0pPNyEWw7ub,"['chillhop', 'jazz boom bap', 'lo-fi beats', 'lo-fi jazzhop']",Made in M,calm
TWILIGHT FLASH,3LVWXsVwEiLwJCsAwACobL,[],Huez,calm
Stay,30EvTWj2OvF8afq0zM5ztj,['sad rap'],Fatb,calm
Hooo,6V6xCSttspjObKOBnGjCFo,['lo-fi beats'],Ozoyo,calm
too close,1NNNWwZA5NHOGn529q8TRE,[],jacuzzi jefferson,calm
Kidzzz,5xx6JPJJpfFetSfigvQcTM,[],BryanMr,calm
Wonka Bar,52rHM2pE7NAcy0BSHeVvCi,"['chillhop', 'jazz boom bap', 'lo-fi jazzhop']",Remulak,calm
busking,6hBofveV7cUFOSuUB9RQjk,['lo-fi beats'],_tag,calm
Playing Coy,6kvcGtcRk87tvBwQew6pkl,[],Arthur Wu,calm
Wine,093d2dr7hvzaxyaRIUAGNq,['chillhop'],David Cutter Music,calm
tormenta,5nSyXje2UZibtvl82L21wh,[],Kaizen 92,calm
Cordite In The Air,4mEyUJn4hgJCz75UWv3YTz,['lo-fi jazzhop'],mädmäx,calm
see that,2r0CozI7P8SvynG5tNBDj9,['miami hip hop'],Lunchmoney,calm
Ensnared,1p5jbuZMzTZUXOlmI8VRIl,"['chillhop', 'indie jazz', 'indie soul', 'jazz boom bap', 'lo-fi jazzhop']",Melodiesinfonie,calm
Lightly,3E9rVHTbxUODz2FS0YWqMx,[],niquo,calm
basilicum,2qdLk68wCRYY6XJnHmxIMV,['lo-fi jazzhop'],sound butler,calm
Attaboy,2VKhOfA0qsjC4XlBKm34N3,[],Víctor Rodríguez,calm
Euka,1yua2x4fehFtFJ2qUzt0NP,[],Dorothe Mosh,calm
Evening Mood,4WkXJCrqvVrYFPCX3vsoDI,[],Bhasper,calm
Dark Wood,4NQvsvvX5UFFXZpXj9hkvA,['lo-fi beats'],Justnormal,calm
Palma,7pxbteHpF1ZCPAjrRDxJoS,['lo-fi jazzhop'],LESKY,calm
Alley Smokey,3WVzRpcscqGB3t8JRett5M,"['modern rock', 'permanent wave', 'rock']",citi,calm
SaDa,7bJ4RdquDO1A29rJ34tiMz,"['japanese chillhop', 'lo-fi beats']",furino,calm
lost places,3y1tJmsZ0cXKwh9NoeNblm,[],dust and moonlight,calm
Snake Plant,4c62KxdplU5lFoc90cieVl,['lo-fi beats'],Jobii,calm
Breeze,4GYUFc9nA3CqfotomfA95m,[],Matt Hylom,calm
Dry,1NNiv7YIRhbdE3rRJa6KZ3,"['chillhop', 'jazz boom bap', 'lo-fi beats', 'lo-fi jazzhop']",Made in M,calm
Caruyú,6vEUlFK0x0SxQbeic5jqXj,[],Alma De La Selva,calm
So What's Next,2K7WZXs3r1xkhTuopHTBkf,"['classic rock', 'folk rock', 'mellow gold', 'piano rock', 'rock', 'singer-songwriter', 'soft rock']",zan.,calm
People,447WvD4dvQcLhKX71OTiJ2,"['chillhop', 'lo-fi beats']",Brenky,calm
What About You,7GZUUkLsU3OLhiMUOIcF60,[],Donovan's Playground,calm
Don't Delay,6DviK9flZnEaqVpEOURPfu,[],Monetary Justice,calm
Late Shift,4dGTCi5MPoC0Wp7vtMpQTX,[],PawnShop Guy,calm
Buena Onda,2YEKBRf3fBAJ6QcylJak5M,[],Stereo Fear,calm
Dirty Cutlass,3OuXO3ge84CRriztlXAUlj,"['indie pop', 'indie rock', 'indietronica', 'la indie', 'modern alternative rock', 'modern rock', 'pop rock', 'rock', 'stomp and holler']",Ras G,calm
sunflowers,2lsu6It5U15RZzhFylH5yb,[],chilltrap,calm
Way Home,30nV0LJfrglHrZtSplHtYC,"['corrido', 'nuevo regional mexicano', 'regional mexican', 'sierreno']",Ariel T,calm
ORANGE,2kRIzQCgP2apb7ERUHBcZ2,['lo-fi beats'],SINY,calm
Prietita,0hwW2JTveoKNdMnzLPFufA,[],Chill Blunt,calm
Driftwood,18NBwccM1sFW7t1lixlBHN,"['dance pop', 'pop']",Leavv,calm
Between Trees,2JGMsvTmthAG3dvEzv7Vw8,"['dance pop', 'electropop', 'metropopolis', 'pop', 'post-teen pop', 'uk alternative pop']",BƱBBLE,calm
Walking Away,6D92s9XsxCMSx7cnRRyIm6,[],Samarinen,calm
Low Fly,1QeEuSgJieIbIcYpeND3IU,[],TheeAgris,calm
Jericho Sun,4pDDvReURWfRQMrM0vSZXi,[],Neil Fonda,calm
All About,3zQ7sXNcnuB5XU9BeqxGIj,[],Green Balloon,calm
Driftin',01giRrGkgCCMMmtaFyf110,[],Mensing,calm
ninfa,7iMFgDYIWxYEwCNIs4bLkN,['alternative metal'],evän,calm
Springdays,1nXgAA5bDL2i68D0TrwAf9,"['chillhop', 'focus beats', 'lo-fi beats', 'lo-fi jazzhop']",Phlocalyst,calm
Red Piano,11hpBud9KRFqyYAcgYT03Z,['lo-fi jazzhop'],halfpastseven,calm
Fetch,4tA9KtIJ5R7ondn3ViHpfC,[],Cardamom,calm
Windows,2uoeJVAbt8T7ll0DwuWJUP,['turkish hip hop'],Siirbaz,calm
Self & Other,66ptSITrmXS1wjLgzht7tx,[],Iguilty,calm
Sidewall,4l7jeahYuBbxTlc9L6G7nY,['lo-fi beats'],Praizee,calm
Timing,4hcWT6BGdFQP4sBl9V1Hom,"['chillhop', 'lo-fi beats']",BluntOne,calm
Sound Latino,3nEA7Q1FLJTfCrBjIlwory,[],Dj 113,calm
Dearest Alfred (MyJoy),6vzaMfWEWYJtfnoKlCY5xP,['neo-psychedelic'],Khruangbin,calm
All the Feels,6KKu7Lfc3BFeL7Jsu7NGAI,['lo-fi beats'],"Sarah, the Illstrumentalist",calm
Uno Es Mínimo Dos,0c5kOuAnDXGtWkEkaHXRrW,['organic house'],Jiony,calm
Sky High,5MZhfQfSV9eFyjvA5iMHw6,['lo-fi jazzhop'],Otis Neon,calm
Hallways,3qamws7BSVySFUCcssQ1Th,[],Kupla,calm
Stuck,7p4PfzeVQpF0g0EnNuc7HT,[],Deeb,calm
Gust Of Feels,6835pqXoKeYr57r1zjp4rA,[],Reggie Lume,calm
ashy keyboard,18rW4znR6LblkBDzKLKvD9,[],Robertson,calm
NoMo,7LGVoBWWRSnRQ155By7MTW,"['chillhop', 'lo-fi beats']",[ocean jams],calm
Plant,2CW1y32fK1n1OL3W60OORY,['lo-fi beats'],Kasper Lindmark,calm
Mountain View - FloFilz Remix,0feyvyYsywS5CrR8XEnUbM,"['alternative pop rock', 'pop']",B dom,calm
Page 20: I Feel in Exile...,5ILeItfsaRawFcpMh56xD7,[],Shungu,calm
fiveyearsago,6B4qtjK5dvi1dof1iGmHlG,"['chillhop', 'focus beats', 'lo-fi beats', 'lo-fi jazzhop']",Psalm Trees,calm
"Yeah, Right",3iq3aIY486nvbKbNFokrY2,['swedish indie pop'],The Legends,calm
Early Bird,7EZkcQqobXfRZOjsnT8duc,['lo-fi brasileiro'],Pelicano,calm
Careful,21JzIbHNQOpIrsLqve9M3X,['lo-fi jazzhop'],Zen Park,calm
cafuné,4YrfnbrvPIhbxLWjXqvOsQ,['lo-fi beats'],UKDD,calm
Fig,6vVOUvrwZaidinRzrskIkT,['asian american hip hop'],Scarlett,calm
At Peace,7fJ1v1CninD1DsfNVbs4HU,"['hip hop', 'pop', 'pop rap', 'rap']",soho,calm
Endless,6CkDqbpSaKHUh7lvXxpioS,['chill out'],Goudo J,calm
The Writer,4L8JbzUItzpwaFX7IZlhtT,['lo-fi beats'],Smartface,calm
Cycle,5FBXnmgANQqBqrsgBGAeCF,"['latin', 'latin arena pop', 'latin pop', 'spanish pop']",Dosi,calm
Cycles,0p1pu31OB2If9FaXog6n9W,['miami hip hop'],Lunchmoney,calm
cayenne,2w2rCYdC0WmoXLkysXcYzG,[],vibe academy,calm
Yanagi,4rkZDZwmAKS16xvVt9dTf0,[],Daruma,calm
"Walk Slow,ly",0s7MNEfaW0Ra4EDt4G5oW0,['lo-fi beats'],Casiio,calm
Flashlight,2jT4R7AMB7SrA4hXOkylYo,"['chillhop', 'jazz boom bap', 'lo-fi beats', 'lo-fi jazzhop']",Made in M,calm
Lo-fi Mañana en CDMX,5eF9g9AQInIgZusji4Y6e8,[],Palmasur,calm
Floppy Dreams,30p5Rs5j4hPPs9JmO6wHTc,['focus beats'],SP-Mato,calm
Monkey Business,4Iet2sxhiKiwAsqq5sCqL7,['chill beats'],Manamera,calm
Effervescent,4pPL6ISxDI4k40xj2vN9Zh,"['chillhop', 'lo-fi beats']",Toonorth,calm
Like A Bird,3OTcXmVsChQzflumr0BtK8,"['lo-fi beats', 'lo-fi jazzhop']",Platinum Dust,calm
Idle of Mud,0UO9de8BcAh1XvNkUBg7O1,[],Hollow Sol,calm
Picea,1goVlikdWNJpouH8P62eUC,"['latin', 'reggaeton', 'reggaeton flow', 'trap boricua', 'trap latino']",Hast,calm
bad habits,1EWzf6q0R4K0RKe6TaViqw,"['italian jazz fusion', 'lo-fi jazzhop']",Kuranes,calm
Tarde en Píllaro,6cE2oNZL6nw49kEMY9Tb5A,[],Muerto A Puntapiés,calm
Teide,3LSRb1SzxO2p0QifomVpzo,"['chillhop', 'jazz boom bap', 'lo-fi beats', 'lo-fi jazzhop']",Made in M,calm
Crust,3KsS9NkC5ZlPAIWpGoL5Sx,"['afrofuturism', 'alternative hip hop', 'electronica', 'escape room', 'experimental hip hop', 'glitch', 'glitch hop', 'hip hop', 'intelligent dance music', 'jazztronica', 'psychedelic hip hop', 'wonky']",Flying Lotus,calm
Window,7aAyGTu1BnlzcRhBSloiOK,"['compositional ambient', 'post-minimalism', 'soundtrack']",Murmur,calm
Feng Shui,2ML0jzajePjIglKltU0rrp,"['alt z', 'indie cafe pop', 'indie poptimism', 'modern rock', 'pop']",Inf,calm
Trippin,3ZlkH9iXwzuicNCfHkGi6p,['chill beats'],Manamera,calm
Lost Sight,6k5vU6ZpYLoH1eyMrTVmTH,"['abstract beats', 'chillhop', 'indie jazz', 'jazz boom bap', 'wonky']",Elaquent,calm
On Peets,5mlEqWvEuNHuIPPKtRxd3w,['lo-fi beats'],Sidual.,calm
Llamar La Atención,3ze6hcj856RzYZM6MrHWdc,['organic house'],Jiony,calm
Pico,2FbsTN9G2FaPR3VathE4Hr,"['chillhop', 'focus beats', 'jazz boom bap', 'lo-fi beats', 'lo-fi jazzhop']",Flughand,calm
Survivors,1CNLGKbPPRdmGOgEuCioOR,"['afrofuturism', 'alternative hip hop', 'electronica', 'escape room', 'experimental hip hop', 'glitch', 'glitch hop', 'hip hop', 'intelligent dance music', 'jazztronica', 'psychedelic hip hop', 'wonky']",Flying Lotus,calm
While You Doooo,2y26A8ntk24DSH0cXe8zpB,"['bass music', 'chillwave', 'electronica', 'microhouse', 'wonky']",Teebs,calm
Cafe y Té,2DvU4WFADIqoGkvXgVQCqB,[],slider beats,calm
Lowlands,1qVp6f89ewJz9Pid2MxBBH,[],Alina Hardin,calm
Ghettos Worldwide,1RmlB5FlFYWQkP8BrveswR,"['chillhop', 'jazz boom bap', 'lo-fi beats', 'lo-fi jazzhop']",digitalluc,calm
Autumn Antique,2g8ofV4Nb7t0STDmtQHUqn,"['bass music', 'chillwave', 'electronica', 'microhouse', 'wonky']",Teebs,calm
You're Somebody Else,0pdKRp2sUthTPe7RLWpPqQ,"['indie pop', 'scandipop', 'swedish indie folk']",flora cash,calm
Wicked Game - Acoustic,3Gb3RPg5FT3cCn0q1oizZp,['plunderphonics'],Boy & Bear,calm
exile (feat. Bon Iver),4pvb0WLRcMtbPGmtejJJ6y,"['pop', 'post-teen pop']",Taylor Swift,calm
Calico,7EWwiyBXMaLzoSXwWZkYyU,"['edm', 'pop', 'pop dance', 'tropical house']",Haux,calm
The Worst Of You,06rX4GEEjsVTSbRBWycs2U,[],PJ Harding,calm
Friday I’m In Love - Recorded at Spotify Studios NYC,07vS8obfeZbr8H4MgQfXR7,"['indie pop', 'indie rock', 'la indie', 'pop']",Phoebe Bridgers,calm
Take Me Home (feat. Nadia Reid),4DNyKoJBdTpLnA3ryWL7Qh,"['australian indie folk', 'indie folk', 'stomp and holler']",The Paper Kites,calm
Down,6wpdCYRRzFtBT7HzdEqgK9,"['indie anthem-folk', 'indie cafe pop', 'uk pop']",Jack Curley,calm
Wolves,59hfgU3tsQ0zKpSX7toiwn,['australian pop'],Azure Ryder,calm
Evermore,0ZSLQqw4B8NnCOLSqjpT80,['indie folk'],Hollow Coves,calm
re: Stacks - Spotify Singles,6X6fJzF0BGbUk6mhqNvgZZ,"['alt z', 'dance pop', 'pop', 'post-teen pop']",Noah Cyrus,calm
IDK You Yet,47EWMOElkkbMp5m9SBkx7d,"['alt z', 'electropop', 'indie cafe pop', 'pop', 'post-teen pop', 'social media pop']",Alexander 23,calm
dark until september.,7n5LJO27QLW54MmCU8ok2e,[],will hyde,calm
Heroes,6BSnTXlsNB6I7x9WSJi9y6,"['australian dance', 'australian electropop', 'australian indie', 'downtempo', 'edm']",Vera Blue,calm
Okay,25NjUjptKOeu1k6O4YdyUm,[],Tulliah,calm
Soul Mate,2xo3D4eKXs19ISgTcICbua,"['indie pop', 'scandipop', 'swedish indie folk']",flora cash,calm
Homecoming Queen,28grzRrS5csyaI4uK98IX0,"['australian indie', 'australian indigenous', 'australian pop']",Thelma Plum,calm
I Don't Need Anything But My Love,0CHud82a2uwfmsBAitedCZ,"['contemporary country', 'country', 'country road', 'modern country rock']",Tom Young,calm
Low,7dCzzPIL8xvR0NPYp1secc,['australian indie folk'],Alexander Biggs,calm
For All You Give (feat. Lucy Rose),0vL6Dt7L7k9srca6XxtjBM,"['australian indie folk', 'indie folk', 'stomp and holler']",The Paper Kites,calm
It's Easier When You're Standing There,07aBRXxWCJDgCcwJvd2VLy,"['australian pop', 'indie anthem-folk', 'indie folk']",Garrett Kato,calm
evermore (feat. Bon Iver),3O5osWf1rSoKMwe6E9ZaXP,"['pop', 'post-teen pop']",Taylor Swift,calm
The Night We Met (feat. Phoebe Bridgers),0jZO7p0nBUi9VHedWUBS9l,"['indie folk', 'indie pop', 'stomp and holler']",Lord Huron,calm
Latchkey,1pQ9MWG0yUS51uU0pJfBZL,[],Memorial,calm
Karaoke,5e6sklOXEsNqSrEPDR1T3Z,"['brisbane indie', 'indie anthem-folk']",Hazlett,calm
Two Strong Hearts,31Y9yVkcT70JjKs3A2eR36,['melbourne indie'],Ainslie Wills,calm
With You,0Bq1REhXXSEvKwH91K3nWc,"['indie anthem-folk', 'indie cafe pop', 'indie folk', 'indiecoustica']",Harrison Storm,calm
Breathe It In,4ldpTCx47OfKJSoz1Y8pef,"['australian pop', 'indie anthem-folk', 'indie folk']",Garrett Kato,calm
"always, i'll care",1LdS1ULS9e18oW3M2C1MUj,"['electropop', 'pop', 'post-teen pop']",Jeremy Zucker,calm
Talk To Me,0SfMScKuKDOtDl9VNm64nv,['chill pop'],Lilly Carron,calm
Last Line,531Ja3DY2r2Auhk10OseCM,"['australian indie', 'indie anthem-folk', 'indie folk']",Dustin Tebbutt,calm
You Don't Lie,6xN2yS7wTE2e96QhzdcE3m,"['modern blues', 'soul']",BEXY,calm
Carry You,6csk7RGrFhxbi6hPwQImPf,['australian americana'],The Teskey Brothers,calm
Garden Song,1LTWcRVy9o96Zzn29wXLsa,"['indie pop', 'indie rock', 'la indie', 'pop']",Phoebe Bridgers,calm
Butterflies,3aufVGeeYQHSq5coMrYFEd,"['anthem worship', 'ccm', 'indiecoustica']",Aodhan,calm
Tayrona (feat. Wilsen),2Sxt4EK2LAElVzvMl6POvI,"['downtempo', 'indie dream pop', 'indie soul', 'new french touch', 'vapor soul', 'vapor twitch']",Mt. Wolf,calm
Mid Sentence,5z78SPUoa0zZcb1uWbwPMH,['australian pop'],Xavier Dunn,calm
Laundromat,2o9DXPraX3X5Z1vZNAL1Q6,['australian indie folk'],Alexander Biggs,calm
Lady Blue,1Tqhq3ZF1FCoUiS10Cgxzt,"['australian indigenous', 'brisbane indie']",Emily Wurramara,calm
Pictures,3cKpZzvOX84w0SGxi4eCXA,"['icelandic folk', 'icelandic indie', 'icelandic pop', 'indie folk']",Ásgeir,calm
Lay By Me,4l6boTiX3Erh3HYpKOa0D6,"['indie cafe pop', 'norwegian pop', 'tropical house']",Ruben,calm
Do You Love Me Lately?,03ZQhvP0UXQvUhGxlGqOSq,[],Emily Keener,calm
Freedom Fighter,6UYf5YatAsTd1198EwnU6e,['australian indie'],#1 Dads,calm
Flags,1CV6EB87upvFxfxJzFyL5T,"['indie cafe pop', 'pop']",SYML,calm
Light Years,6BXwjlZvAOh5B8yy1kbpwV,"['acoustic pop', 'indie folk', 'neo mellow']",William Fitzsimmons,calm
Thousand (feat. Lisa Hannigan),12VVXFEYxro5C61KyWee9C,"['indie folk', 'irish singer-songwriter', 'new americana']",Rosie Carney,calm
Wading In Waist-High Water,1u8PeiYinEIxqWGXcxSgrI,"['chamber pop', 'indie folk', 'indie pop', 'indie rock', 'seattle indie', 'stomp and holler']",Fleet Foxes,calm
Monsters,3PEFIZR2rbENyadO5n690Z,"['brisbane indie', 'indie anthem-folk']",Hazlett,calm
Candy Eyes,3wsFy2qbDtWRuAqzfu86hd,['lo-fi beats'],HOKO,calm
Madeleine,7CTVIpoQqwCki0Lprz0ez6,['australian indie folk'],Alexander Biggs,calm
Walk Above the City (feat. Maro),3GbfeAIMz63lXalcGO4FFi,"['australian indie folk', 'indie folk', 'stomp and holler']",The Paper Kites,calm
Paint,4vXlDcmTeOtibVCX8X5DjJ,[],Lawson Hull,calm
Sorry I'm Gone (feat. Emily Reid),5n7qpik8TgQGGNYBsAktkr,"['australian indie folk', 'australian pop', 'indie anthem-folk']",Kyle Lionhart,calm
Far Too Good,1WUHeOPayLKPMG35uBJVUj,"['british singer-songwriter', 'indie folk', 'liverpool indie', 'new americana']",John Smith,calm
captain's dance with the devil,5S7rqoAt14NRdZxfVNFtNf,"['australian pop', 'dance pop', 'pop', 'post-teen pop', 'viral pop']",Cody Simpson,calm
Stones,70FflLYjKkQ2J1AHlEu64C,['australian alternative pop'],Ok Moon,calm
Brains [HOME DEMO],31SygSVth7nrtAeiMCETPH,['modern alternative pop'],deryk,calm
"oh, mexico",4YwGqn5HGXVAOEPauLc9MJ,"['electropop', 'pop', 'post-teen pop']",Jeremy Zucker,calm
White Water,3D2jsYmtwlnK4kQLXHPUb5,"['australian indie', 'indie anthem-folk', 'indie folk']",Dustin Tebbutt,calm
Wristwatch,7JOD18T9PdxSSOhuxPt1N6,"['chillhop', 'lo-fi beats']",Husky,calm
I Was In Heaven,35ohvaGJBqNoDo24H65yGj,"['electropop', 'pop', 'post-teen pop']",Chelsea Cutler,calm
Holding on to You,05hZle1qjV2Hu10Y85fhbv,"['australian pop', 'indie anthem-folk', 'indie folk']",Garrett Kato,calm
Easy Tiger,2IbzYGcve6P1QV94UFxtik,['indie anthem-folk'],Billy Raffoul,calm
when i look at you.,2Hf4lbVibsJo6u6cFAxwdQ,"['indie folk', 'irish singer-songwriter', 'new americana']",Rosie Carney,calm
Falling Down,68GFPHr5LtadnQ8wOtramJ,"['indie anthem-folk', 'indie cafe pop', 'indie folk', 'indiecoustica']",Harrison Storm,calm
Soon,3izeCMlmVjsqXIBFsviH5S,"['australian indie', 'australian pop']",Angie McMahon,calm
Coastline,0Ma3HnDcmCSbjv3uu3aIPO,['indie folk'],Hollow Coves,calm
Civilized,3T9IA0EvjCZ4Ifs6oCH7MV,"['downtempo', 'new age']",Voyageur,calm
San Luis,7gDNQLV9cr8449LFrQbk5J,"['indie folk', 'new americana', 'pop folk', 'stomp and flutter', 'stomp and holler']",Gregory Alan Isakov,calm
Crater on the Moon,4t6CSU0uY8Z6bi32Ml78Vg,['australian alternative pop'],Ok Moon,calm
beside you,1Fhb9iJPufNMZSwupsXiRe,"['chill r&b', 'pop']",keshi,calm
ghost town (voice memo),0PKAijroHpnEtdY20bkGdr,[],Chloe George,calm
Same Old Things,7GkaWpr47yaDWq0Zi0bwB5,[],xoisaac,calm
Life's A Mess II (with Clever & Post Malone),4O3RwH1TFG1EjPezLIYehI,"['chicago rap', 'melodic rap']",Juice WRLD,calm
o shit!,0RQpg3Q0QOxp6gqDpE8uWH,"['canadian hip hop', 'dark trap', 'meme rap', 'pop rap', 'vapor trap']",lentra,calm
change ur mind,58Mh6zmqSo9IvysPAXnG0h,"['emo rap', 'sad rap']",Sarcastic Sounds,calm
Unlearn (with Gracie Abrams),6GH4tLwGW6HliKbZBdt6hD,"['canadian pop', 'pop', 'post-teen pop']",benny blanco,calm
we were driving,6CUlNInxaxJK8PP5OBNQxx,['slowed and reverb'],omgkirby,calm
Perfect,5cCI6CLvt9VuKDIWUr9vA7,['nz pop'],LA WOMEN,calm
Shoulda Coulda,16gwQCz3zlj6u9NOMDB9wI,"['alternative dance', 'aussietronica', 'australian dance', 'australian electropop', 'australian pop', 'dance-punk', 'edm', 'new rave']",Budjerah,calm
bad ones,6CYT0souHUHKTO4EMzTUFg,"['alt z', 'dance pop', 'electropop', 'pop', 'post-teen pop']",Tate McRae,calm
Open Up,4UDVrGYUdqaJ8o3yL1snpV,"['alt z', 'nz pop', 'pop']",Muroki,calm
Kids feat. KYLE,2hNBhYGXQbq9KHYvK2itFY,"['bedroom pop', 'pop']",Benny Sings,calm
Don't Need,1oV2pJWc2mCEjcVQjD49Rn,[],Somber Hills,calm
Mulholland Drive,1WTduCc7ipWoHg0i2Tztng,[],Kaelin Kost,calm
Dream No More (feat. Ruel & Genesis Owusu),0slVzyDCYPANhtDTpzBgLZ,[],Billy Davis,calm
not alone,4muWNZ5n69p9tnjTfDz7GO,[],mehro,calm
On Repeat (feat. Cigarettes After Sex & Lexi Jayde),76y9kdLOsF0g2uMpQKdJk7,"['modern rock', 'pop rap', 'sad rap']",Goody Grace,calm
carpool,6fAfv4dn8FbcIsXhU0Jed7,"['alt z', 'bedroom soul', 'chill pop', 'chill r&b', 'indie cafe pop', 'pop']",Zachary Knowles,calm
Things,1KUT4Khz1iPXXF8pzJDsHT,[],Charlie Houston,calm
Oscar Nominated,2lbneLXRIBup57TVfxx3zD,['indie electropop'],James Droll,calm
slower,1bd4heB3yXc5iFTPoOMPuo,"['alt z', 'dance pop', 'electropop', 'pop', 'post-teen pop']",Tate McRae,calm
Remember That Night?,1nYzjrdVQ8RpF93M0jPFW7,"['alt z', 'indie cafe pop', 'modern indie pop', 'pop', 'social media pop']",Sara Kays,calm
I'll Be Home Soon,72xzw4sk7CcgYIyQsj0pxn,"['alt z', 'chill pop', 'chill r&b', 'electropop', 'indie cafe pop', 'indie electropop', 'indie poptimism', 'la pop', 'pop', 'tropical house']",Shoffy,calm
If I Get To Meet You,14rNxRzrnsyqDZ8PRfV1k3,"['alt z', 'nz pop', 'pop']",BENEE,calm
I’m Not Going Back (feat. Mokita),5zqDpOXBAtD4j3Z7puVqbC,['sad rap'],Kina,calm
Still Friends,4QgKXgcqA5AbArVH5WfmlP,[],Forrest Nolan,calm
the way that you see me (feat. Ayleen Valentine),5O6QAX1oI4iktfXP8HAmgi,"['emo rap', 'sad rap']",Powfu,calm
Summers Over,32kpOLJUfG9f7lqFsctRuF,"['alternative hip hop', 'conscious hip hop', 'east coast hip hop', 'gangster rap', 'hardcore hip hop', 'hip hop', 'rap']",DWY,calm
too many feelings,3tb3sGsGLnSsyUxue8Aetd,"['alt z', 'australian alternative pop', 'electropop', 'indie cafe pop', 'pop', 'post-teen pop', 'social media pop']",Ruel,calm
drivers license,7lPN2DXiMsVn7XUKtOW1CS,['pop'],Olivia Rodrigo,calm
Selfish,3fTd1AN7VM33g7OElNPJGb,['aussietronica'],Jack Gray,calm
fools (can't help falling in love) (feat. Sody),4VEEDnEFLI9dUy5QA51rom,"['indietronica', 'modern rock', 'pop', 'rock']",Foster,calm
numb,4RXrqV1E2rWi9FeZisSkjY,['pop'],Tom Odell,calm
Carried Away (with Madison Beer),4IvuPZogXbY7LODs7qzr0W,['tropical house'],Surf Mesa,calm
Flicker,21hX5ecNTD2ayzH5awBW4n,[],fenoaltea,calm
"Eyes Blue Like The Atlantic, Pt. 2 (feat. Powfu, Alec Benjamin & Rxseboy)",4V7xZ1AiCLwFbNMNc4Gj1f,[],Sista Prod,calm
Cry Over Boys,218q4fCmVERKhXEZDr6g4P,"['alt z', 'electropop', 'indie cafe pop', 'pop', 'post-teen pop', 'social media pop']",Alexander 23,calm
Tomboy,5Ti3fqGTfjUsSdylFNy0Ng,[],Destiny Rogers,calm
Heaven,7zzl5nLmPPkAwk2MRIUpa4,"['bedroom soul', 'pop']",Pink Sweat$,calm
Every Hour,4Pg0FrBXiwj4ROQPGwgc6a,"['alternative r&b', 'chill r&b', 'dance pop', 'indie r&b', 'pop', 'pop r&b', 'post-teen pop', 'r&b', 'urban contemporary']",KIAN,calm
Future Kids,5Cy20icxvxt8EnB2pIdVxf,"['alt z', 'indie cafe pop', 'modern indie pop', 'pop', 'social media pop']",Sara Kays,calm
this is how you fall in love,0742PcMPo2Akmo4vHC29VZ,"['electropop', 'pop', 'post-teen pop']",Jeremy Zucker,calm
Liability,6Kkt27YmFyIFrcX3QXFi2o,"['art pop', 'dance pop', 'electropop', 'metropopolis', 'nz pop', 'pop', 'post-teen pop']",Lorde,calm
twentyfive,0z1DE4g9ft8ZvSpyCenVUJ,"['chill pop', 'indie electropop', 'indie poptimism', 'vapor soul']",Yoste,calm
say it over (feat. Cautious Clay),4jSE5cAaa5rwTyhDSXfwQN,"['alt z', 'australian alternative pop', 'electropop', 'indie cafe pop', 'pop', 'post-teen pop', 'social media pop']",Ruel,calm
everything i wanted,3ZCTVFBt2Brf31RLEnCkWJ,"['electropop', 'pop']",Billie Eilish,calm
Jimmy (feat. Sarcastic Sounds),462d4Jl1AZl1ZlCKwIa22v,"['emo rap', 'social media pop']",Rxseboy,calm
Tell Me About You (feat. Mishaal),1haZCYSR61JHOAivPNOuQH,['sad rap'],Kina,calm
Cotton Candy,0RLIUOXaZUvZub2Qn7NHqh,"['indie pop', 'indie r&b', 'modern indie pop']",spill tab,calm
Lonely Ones,42BFZETGGpgA8AVUUgnu6H,"['modern rock', 'pop punk', 'post-teen pop']",LOVA,calm
Love Me Low,0FOogWUS6y2pv3OjAcu6hO,[],Ai Bendr,calm
i don't write songs for boys,1KprjsAhTycuukyoGztd9c,"['glam metal', 'hard rock', 'rock']",Livia O,calm
Heather,4xqrdfXkTW4T0RauPLv3WA,"['alt z', 'bedroom pop', 'electropop', 'indie pop', 'pop', 'post-teen pop']",Conan Gray,calm
Brave,7kJoUyyuBXXVuoOGyO6wPG,"['future bass', 'gaming edm', 'vapor twitch']",AYA YVES,calm
FTL,2m6ikQazVLpm5XYxAy3OFz,['indie electropop'],James Droll,calm
Brainstorm,3VcFoOwKYurSedLtz9nFJC,"['alt z', 'electropop', 'indie cafe pop', 'pop', 'post-teen pop', 'social media pop']",Alexander 23,calm
afterthoughts,2UmyGp3esNouKw42vwG6b8,"['alt z', 'canadian pop', 'pop', 'social media pop']",renforshort,calm
ily (i love you baby) (feat. Emilee),62aP9fBQKYKxi7PDXwcUAS,['tropical house'],Surf Mesa,calm
Cold,3c7hHVpOsyFYWWwB958J8S,"['chill r&b', 'indie r&b']",Lucy Park,calm
Dancing With Your Ghost,1TQXIltqoZ5XXyfCbAeSQQ,"['alt z', 'electropop', 'indie cafe pop', 'pop', 'post-teen pop']",Sasha Sloan,calm
Happen To Me,1bPo0RfCT7T4GHblhc7c7R,"['alt z', 'nz pop', 'pop']",BENEE,calm
self crucify,36devlce37d8V3cICTukvN,"['alt z', 'dance pop', 'electropop', 'indie cafe pop', 'indie poptimism', 'modern rock', 'pop', 'pop rap', 'post-teen pop', 'talent show']",Bea Miller,calm
Futon,0F57gwy0G6aqnaMAH1ELSV,['pinoy indie'],Ūla,calm
stateside,5PByQM1ddwOblyKDo25SVA,"['aussietronica', 'indie electropop', 'indie soul', 'vapor soul', 'vapor twitch']",Golden Vessel,calm
Golden Eyes,2CVWGyKDFZRYzYkd9OxQRv,"['comedy rap', 'pop rap', 'rap']",HANNI,calm
I Never Knew,6qLCHs8bf30qKSrEdRe8XK,"['country', 'country rock', 'outlaw country', 'texas country']",River Boy,calm
Make Room,2QEADtLY3MTx2K6AGeNEpi,['movie tunes'],Paige,calm
What They'll Say About Us,27Y1N4Q4U3EfDU5Ubw8ws2,"['alt z', 'electropop', 'indie pop', 'pop', 'post-teen pop']",FINNEAS,calm
Sunbeam,2mIiZO5GwolcZRmpSMZ1pA,"['alternative r&b', 'chill r&b', 'dance pop', 'indie r&b', 'pop', 'pop r&b', 'post-teen pop', 'r&b', 'urban contemporary']",KIAN,calm
Chosen Last,3NDgV66iYYySIgo5RSvQ5d,"['alt z', 'indie cafe pop', 'modern indie pop', 'pop', 'social media pop']",Sara Kays,calm
Holding The Man,2B2ASdxMKAPkBPPNPi9JqI,['australian alternative pop'],Nick Ward,calm
Love Somebody,50wetCP0Nsx5sIaFHCYlCe,"['electropop', 'pop', 'post-teen pop']",Lauv,calm
is your bedroom ceiling bored? (feat. Rxseboy) - Fudasca Remix,3XwEo4mEovAVPd3cNUN4Dy,[],Sody,calm
Good News,3ClBKQkKoaUQ6UOhe2xlJK,"['hip hop', 'pittsburgh rap', 'rap']",Mac Miller,calm
The Way I Love You,3XV5r1cMB2AlD2ir0v6mfm,['sad rap'],yaeow,calm
Rockstar,1fpvdpEUe6jncotfqNGRW8,"['alternative dance', 'edm', 'indie poptimism', 'indietronica', 'nu disco', 'pop', 'tropical house']",Mallrat,calm
Eleven,1ToprX3cpBiXoAe5eNSk74,"['electropop', 'pop']",Khalid,calm
