name,uri,genres,mood
The A Team,2vBF8A6n0REigm7RSUM65S,"['pop', 'uk pop']",sad
you broke me first,45bE4HXI0AwGZXfZtMp8JR,"['alt z', 'dance pop', 'electropop', 'pop', 'post-teen pop']",sad
Bruises,4Of7rzpRpV1mWRbhp5rAqG,"['pop', 'uk pop']",sad
drivers license,7lPN2DXiMsVn7XUKtOW1CS,"['pop', 'post-teen pop']",sad
Falling,1ZMiCix7XSAbfAJlEZWMCp,"['pop', 'post-teen pop']",sad
when the party's over,43zdsphuZLzwA9k4DJhU0I,"['electropop', 'pop']",sad
Jealous,4L2K7JKseFCBoHMZEAszW0,"['indie poptimism', 'pop', 'post-teen pop']",sad
ghost town (voice memo),0PKAijroHpnEtdY20bkGdr,[],sad
Heather,4xqrdfXkTW4T0RauPLv3WA,"['alt z', 'bedroom pop', 'electropop', 'indie pop', 'pop', 'post-teen pop']",sad
Breathe Me,7jqzZyJJLrpkRFYGpkqSK6,"['dance pop', 'miami hip hop', 'pop', 'pop rap']",sad
thetimewewanderoff,4K2Py3YrBcEktYlowG0GTc,"['dance pop', 'edm', 'electropop', 'pop', 'pop dance', 'post-teen pop', 'scandipop', 'swedish electropop', 'swedish pop', 'tropical house']",sad
Wish I Was Better,1kAkUHFb7ryeVkVSRD6Nkj,['sad rap'],sad
Skinny Love,1NyFRrFiJAJIaR6icj1goI,"['pop', 'post-teen pop']",sad
Dancing With Your Ghost,1TQXIltqoZ5XXyfCbAeSQQ,"['alt z', 'electropop', 'indie cafe pop', 'pop', 'post-teen pop']",sad
Let It Go,13HVjjWUZFaWilh2QUJKsP,"['modern rock', 'neo mellow', 'pop', 'pop rock']",sad
exception,4Dicd9CnldAenKEzOj6dGp,"['alt z', 'canadian pop', 'social media pop']",sad
Should Have Known Better,5I6y1KWmUoV5YCaIEcs1qs,"['baroque pop', 'chamber pop', 'freak folk', 'indie folk', 'singer-songwriter']",sad
Youth,1JDMO4EVPHtm0xXhJb2IjR,"['neo mellow', 'pop', 'pop rock', 'singer-songwriter']",sad
Say Something,5cCj78DPk9iVZmrNWmYdPS,[],sad
Someone Like You,6QPKYGnAW9QozVz2dSWqRg,"['british soul', 'pop', 'pop soul', 'uk pop']",sad
pass you by,4NVwMupCTfITPXetR5aozp,"['alt z', 'chill r&b', 'social media pop']",sad
Transatlanticism,3PJikMV2xGNCooQttQrAw5,"['indie pop', 'indie rock', 'modern rock', 'pop rock', 'washington indie']",sad
People Help the People,6XRNCAnxJIB1p4RPdFVSq0,"['indie cafe pop', 'pop', 'pop rock', 'post-teen pop']",sad
Foreign tree,6P57z7wZlYxmNxXCihQSwn,"['dance pop', 'edm', 'electropop', 'pop', 'pop dance', 'post-teen pop', 'scandipop', 'swedish electropop', 'swedish pop', 'tropical house']",sad
Remember That Night?,1nYzjrdVQ8RpF93M0jPFW7,"['alt z', 'indie cafe pop', 'modern indie pop', 'pop', 'social media pop']",sad
Cry Over Boys,218q4fCmVERKhXEZDr6g4P,"['alt z', 'electropop', 'indie cafe pop', 'pop', 'post-teen pop', 'social media pop']",sad
Bird,6DzvC1VHpyTFfLBbAYBa7W,"['british singer-songwriter', 'indie anthem-folk', 'indie folk', 'indie pop']",sad
Get to You,2pDV76DDE1NgAOueeHns3R,"['lo-fi beats', 'lo-fi chill', 'sad rap']",sad
I Can't Help (with Sarcastic Sounds),1OdYu7mDO94ydUvfZPaPvP,"['alt z', 'alternative r&b', 'chill pop', 'chill r&b', 'electropop', 'indie cafe pop', 'indie electropop', 'indie poptimism', 'la pop', 'pop', 'tropical house']",sad
Fix You,7LVHVU3tWfcxj5aiPFEW4Q,"['permanent wave', 'pop']",sad
Rest,06p20tdVnOEUtVTKtmUXGW,"['indie rock', 'modern rock']",sad
If You Think It's Love,3iiL6merNpFNX1bny9sfvM,"['alt z', 'dance pop', 'electropop', 'indie pop', 'indie poptimism', 'nyc pop', 'pop', 'post-teen pop']",sad
The Night We Met,6mORGLOz79w6VsCRLWYYuK,"['indie folk', 'indie pop', 'stomp and holler']",sad
Surrender,0ecC8p17cDNlxHXkuYqeR6,[],sad
no song without you,3KKUf8F2hktFscLgbH4YwR,['uk pop'],sad
when was it over? (feat. Sam Hunt),779UN3kabApm2zfqX549vf,"['alt z', 'electropop', 'indie cafe pop', 'pop', 'post-teen pop']",sad
Before You Go,2gMXnyrvIjhVBUZwvLZDMP,"['pop', 'uk pop']",sad
"Murder Song (5, 4, 3, 2, 1) - Acoustic",6MM22AtXB7I5gfTErMF0mJ,"['art pop', 'norwegian pop']",sad
comethru,18uwL0vNUanqZH0ro2QcOP,"['electropop', 'pop', 'post-teen pop']",sad
lovely (with Khalid),0u2P5u6lvoDfwTYjAADbn4,"['electropop', 'pop']",sad
Gone Away,5pGV2AfDflnhL72pK1oIaR,[],sad
Only,0yfd3MSq6JEsNxOzSLJR7g,"['indie folk', 'vapor soul']",sad
Light Year (feat. Lennon Stella),7CS9hRKJNmBGWUowSjhedb,"['indie anthem-folk', 'indie cafe pop', 'indie pop', 'new jersey indie']",sad
No Woman,1CLmFKW99S8eJrebO3GB04,"['dance pop', 'pop', 'urban contemporary']",sad
If I Ain't Got You,60Upg4NK79iFTP77w9O6E7,[],sad
Love Is A Losing Game,4IMBnBRqm9RALmLrRqfMor,"['british soul', 'neo soul']",sad
Happiest Year,5kcvBnt6DPX3AMEsCx1qDh,"['alt z', 'indie cafe pop', 'indie poptimism', 'modern rock', 'pop']",sad
Easily,2k9N4caeCIJLOWwWwssrEM,"['chill r&b', 'pop']",sad
Older Than I Am,15VDHAMS4JCLziCjNkmQl1,"['alt z', 'canadian pop', 'dance pop', 'electropop', 'indie cafe pop', 'pop', 'post-teen pop']",sad
Cold Nights,1q3AoLCoawd8Gpm9wP7sHi,[],sad
What's Good,6OBl3esnGuz8PllwDWinWS,"['bristol indie', 'british singer-songwriter', 'chamber pop', 'indie folk', 'indie pop']",sad
Town I Called My Home,0omwXDRLUssZ7fgl9vkL4m,['sad rap'],sad
All I Want,1XczdQt6RKNkEQfPqUsi3q,"['indie cafe pop', 'irish pop', 'modern rock', 'pop', 'pop rock', 'shiver pop']",sad
i don't want to watch the world end with someone else,58qX77t2VWMWcycsh9zKLc,"['alt z', 'indie cafe pop', 'pop']",sad
Video Games - Remastered 2012,0fBSs3fRoh1yJcne77fdu9,"['art pop', 'pop']",sad
Sad Corny Fuck,5YlHgqWo3Kt2mF88ubmR62,"['alt z', 'canadian contemporary r&b', 'indie cafe pop', 'pop', 'post-teen pop']",sad
Riverside,1UmFRZU3taMGZApPhK32mc,['chamber pop'],sad
Long Way Down,1uVk6S6Fpkrmji0iTpgKEC,"['modern rock', 'pop']",sad
Anchor,6x6XKEUcCJGUACD4Xh7KuP,"['ambient folk', 'indie cafe pop', 'indie folk']",sad
Somewhere Only We Know,1EwyAL8SdJpIX0M9b1ArAp,['cali rap'],sad
To Build A Home,54KFQB6N4pn926IUUYZGzK,"['downtempo', 'electronica', 'ninja', 'nu jazz']",sad
Angel's Song,5hXTMmVXz1Ablgu34BkTz1,"['indie soul', 'uk contemporary r&b']",sad
Dancing On My Own,02WacdrRpm4zlP8H7X6bnQ,"['indie cafe pop', 'pop']",sad
I'm with You,7ggHQsGP7K3V65lqBwleWO,"['indie rock', 'modern rock']",sad
K.,6vG1pcmNGdG6Vu62I9nLGL,"['indie folk', 'irish singer-songwriter', 'new americana']",sad
Wish You Were Here - 2011 Remastered Version,1wHSxWBfPr3GO31y8KGrWe,"['album rock', 'art rock', 'classic rock', 'progressive rock', 'psychedelic rock', 'rock', 'symphonic rock']",sad
July,5a6pdCHlWS2ekOOQ70QnAr,"['alt z', 'dance pop', 'electropop', 'pop', 'post-teen pop']",sad
Trying My Best,06qUEhhx6jKQmhj2qAkn4H,"['alt z', 'indie cafe pop', 'pop', 'social media pop']",sad
Consequences,7sTtHHrD0zDpmzQzH3zegz,"['dance pop', 'electropop', 'pop', 'post-teen pop']",sad
Slow It Down,0ewX9JsKy9oa4IifkFSroa,"['folk-pop', 'modern rock', 'pop', 'stomp and holler']",sad
You're Somebody Else,0pdKRp2sUthTPe7RLWpPqQ,"['indie pop', 'scandipop', 'swedish indie folk']",sad
All of Me,3U4isOIWM3VvDubwSI3y7a,"['neo soul', 'pop', 'pop soul', 'r&b', 'urban contemporary']",sad
Fragile Souls,4EGyDsI5anhTpzND6Zwyew,['spanish modern rock'],sad
Cursive,5Iy1wdO0tMaHwKnfFYtlel,"['british singer-songwriter', 'indie anthem-folk', 'indie folk', 'indie pop']",sad
"Welcome Home, Son",13PUJCvdTSCT1dn70tlGdm,"['indie folk', 'indie pop', 'jacksonville indie', 'stomp and holler']",sad
Hazy Memories,1jeH74UaH5xFnLo73haMQl,[],sad
Teardrop - Remastered 2006,1ZekzmhuM380sFcUZePjmL,"['dance pop', 'hip pop', 'pop', 'pop rap', 'post-teen pop', 'queens hip hop']",sad
kissing girls,5lCtzEEl2FxySHX4zR9yEf,['indie electropop'],sad
No Time To Die,73SpzrcaHk0RQPFP73vqVR,"['electropop', 'pop']",sad
Everybody Hurts,0sSxUKtpE11r5VVx1DIMww,"['dance pop', 'pop', 'post-teen pop']",sad
emily,1sTtlEZeVeeEnxEztJNkYN,"['electropop', 'pop', 'post-teen pop']",sad
I Took A Pill In Ibiza,1PiKcVhlmHPvL7IPjx9dJk,"['dance pop', 'pop', 'pop rap']",sad
Samson,2bbhyUWJ5VjdfI3P4PRLu2,"['indie pop', 'lilith', 'piano rock', 'pop rock']",sad
Falling Asleep,1FunUekKzZ9Mgt3BMYCrfF,['irish singer-songwriter'],sad
To The Hilt,41bqxcnDRcYsBJnJKtPCdp,"['ccm', 'christian alternative rock', 'christian indie', 'christian music', 'folk-pop', 'indiecoustica', 'neo mellow', 'pop rock', 'worship']",sad
Creep,1ytTeSRAU6IRo2itVDwtPv,"['alternative rock', 'art rock', 'melancholia', 'oxford indie', 'permanent wave', 'rock']",sad
Faking Love,2YHqjkv93j4cg51bl7iGMP,"['alternative rock', 'indie punk', 'post-hardcore', 'shoegaze', 'slowcore']",sad
Thirteen Thirty-Five,3N2vr4m44BBZiVCZ0O4bnf,"['brostep', 'dance pop', 'edm', 'electro house', 'electronic trap', 'electropop', 'house', 'moombahton', 'pop', 'pop dance', 'slap house', 'tropical house']",sad
Last Time,7v3tuzPub1Qd490tiVddwF,['gaming edm'],sad
Dust On The Ground,2SbIONplUQ0BvXyRgGDgCz,"['alternative dance', 'british indie rock', 'indie pop', 'indie rock', 'indietronica', 'modern alternative rock', 'modern rock', 'new rave', 'rock']",sad
YOM TOV,2v31S0mH8FcKkaQRFvxuOZ,"['dance pop', 'edm', 'electropop', 'pop', 'pop dance', 'post-teen pop', 'scandipop', 'swedish electropop', 'swedish pop', 'tropical house']",sad
Waiting,7eClkLWbrr3TorYedzaDkI,"['malmo indie', 'swedish singer-songwriter']",sad
blue,7pt64sepCy5QmDrgy9wOJS,"['chill r&b', 'indie r&b', 'modern indie pop']",sad
First Day Of My Life,5OiaAaIMYlCZONyDBxqk4G,"['anti-folk', 'indie folk', 'indie pop', 'indie rock', 'melancholia', 'omaha indie', 'stomp and holler']",sad
The End of the World,1SF6aV27ehCudDBv0MZjAD,['modern indie pop'],sad
Indigo,2qoKkOBw3dAd8AlITOQ2Ca,"['indie rock', 'modern rock']",sad
Be Alright,5qrSlOut2rNAWv3ubArkNy,"['alt z', 'australian pop', 'indie cafe pop', 'pop', 'pop rock', 'post-teen pop']",sad
Only You,2ZaYFNn1YQuLSVdHhanr4Q,"['acoustic pop', 'indie folk', 'indiecoustica', 'neo mellow', 'pop rock', 'viral pop']",sad
Harvest Love,2KK7OUblFkd7TT9TjWgW7z,['australian reggae fusion'],sad
I Love You Always Forever,1KsRPfyQUHXn4HpNh1A0vP,[],sad
Oceans,7Cia4WzapwjMr0NUQF8vf3,"['folk-pop', 'modern rock']",sad
Be My Mistake,0AG2l0IboWNSwjUkMr2Aq7,"['modern alternative rock', 'modern rock', 'nu gaze', 'pop', 'rock']",sad
cry on airplanes,1elEZGOMFRU5n7bnOtUaqi,"['banda', 'grupera', 'norteno', 'ranchera', 'regional mexican']",sad
Goshen,5rLZGAZOstOC3fqhmGChvK,"['dubstep', 'gaming dubstep']",sad
Recording 15,1vNfYCzcCJz0FY7MVVA9lM,"['indie folk', 'pop folk']",sad
Losing You,5aFSzu0b7ccAYjTkbTNTsQ,"['indie anthem-folk', 'indie cafe pop', 'vapor soul']",sad
The Scientist,3obZywY64ooasDLV1cVC7X,['cali rap'],sad
Renee's Song,13iMiwdY7pgE1f7NwYKr1D,"['dance pop', 'electropop', 'pop', 'pop rap', 'post-teen pop']",sad
Changes,2v8GT5HHcqFaTXS2xijw4r,"['alt z', 'pop']",sad
London Thunder,4gkoh2vAD57fGEITzteaUh,"['alternative dance', 'indie rock', 'modern alternative rock', 'modern rock', 'new rave', 'oxford indie', 'rock']",sad
you were good to me,4CxFN5zON70B3VOPBYbd6P,"['electropop', 'pop', 'post-teen pop']",sad
Conversation,4THgqBGsTYJcNcQWCV92AP,"['australian indie folk', 'indie folk', 'stomp and holler']",sad
Maple Whisky,64DZ2i9qbyUpjuh67hOU5t,"['indie cafe pop', 'indiecoustica']",sad
I Need My Girl,7rbCL7W893Zonbfnevku5s,"['alternative rock', 'art rock', 'melancholia', 'oxford indie', 'permanent wave', 'rock']",sad
"Dear First Love,",6PowfeWOvFBlueUpvct3HI,"['corrido', 'corridos tumbados', 'nuevo regional mexicano', 'regional mexican', 'sierreno']",sad
9 Crimes,5GZEeowhvSieFDiR8fQ2im,"['acoustic pop', 'irish rock', 'irish singer-songwriter', 'neo mellow', 'singer-songwriter']",sad
guilt trip,6xFSWmXNlzzM8g9MuABaTe,"['alternative rock', 'indie punk', 'post-hardcore', 'shoegaze', 'slowcore']",sad
Moral of the Story,2nC3QhMI9reBIOWutbU3Tj,['social media pop'],sad
The Funeral,4Ao5JXfOIMJGlVo8sJpjFr,"['indie folk', 'indie pop', 'indie rock', 'modern rock', 'stomp and holler']",sad
Simple Song,70HWRkitkAKfos500LBk0T,"['alternative metal', 'nu metal', 'rap metal', 'rock', 'sacramento indie']",sad
Down In The Valley,3Wd3mAficthmcUcCICvwSG,"['folk-pop', 'indie folk', 'indie pop', 'modern rock', 'new americana', 'seattle indie', 'stomp and holler']",sad
Sinking Man - The Walking Dead Soundtrack,5Hd6DPGjqihEnWSiGRzqr6,"['folk-pop', 'indie pop', 'metropopolis', 'modern alternative rock', 'modern rock', 'pop rock', 'stomp and holler']",sad
Confusion,0F8wygPqJTpKELM9WlcSvS,[],sad
Talk Tonight,1gANYFsOT41zu2cdSC06iD,"['beatlesque', 'britpop', 'madchester', 'permanent wave', 'rock']",sad
Millie & Ivor - Alternate,6xk9axQDuqvEqnv6gwAkZV,"['electropop', 'pop']",sad
Cold Arms,7kpZ9isu48poYKpaAb0wiR,"['modern folk rock', 'modern rock', 'pop rock', 'stomp and holler', 'uk americana']",sad
She Kind of Looks Like You,6dZO9UMcM7c1YLDBpEHwED,['la pop'],sad
Such Great Heights,7vcuTZAFyu0Z5dgMRLR0h0,"['acoustic pop', 'chamber pop', 'indie folk', 'indie pop', 'neo mellow', 'stomp and holler']",sad
It's My Fault,3QP17SZh39ZVczQnopq9BE,"['alt z', 'alternative r&b', 'electropop', 'pop']",sad
Apocalypse,3P5EAzNwT3tBafKX8xzyvf,"['ambient pop', 'dream pop', 'el paso indie', 'shoegaze']",sad
Unintended,6kyxQuFD38mo4S3urD2Wkw,"['classical piano', 'compositional ambient', 'nordic classical piano']",sad
Hey Now,51ZPtAuqT0V5lNONYZTrxy,"['house', 'pop', 'uk dance']",sad
Home,0IUcYj29jSob9PYlZ4JdWI,"['alt z', 'electropop', 'indie cafe pop', 'pop', 'sad rap', 'social media pop']",sad
Villains,3wkpzupNc2h7MI97YtWSS6,"['indie anthem-folk', 'indie cafe pop', 'indie folk', 'indiecoustica', 'vancouver indie']",sad
Everybody Does,5h9NOj6ug1uB4LkT5FrFrm,"['ambient folk', 'art pop', 'indie folk', 'indie pop', 'indie rock']",sad
Rennen,5ExIjNVCeigpRtqAc47jKQ,[],sad
Falling Like The Stars,15xWRPHQMeqgdkGzInx3PY,"['pop', 'post-teen pop', 'talent show', 'uk pop']",sad
Oblivion,7u5YIl9C1ijghg46PVVdh9,"['brostep', 'dance pop', 'edm', 'pop', 'pop dance', 'progressive electro house']",sad
St Jude,2XGEpFt3322G8IHsldVqZh,"['baroque pop', 'pop', 'uk alternative pop']",sad
Stars,6qlfzOpeLcdoSxrgbkR0Zi,"['emo rap', 'miami hip hop']",sad
Rebekah,18RQoXcen7pcKhFreuN02y,['indie anthem-folk'],sad
Landslide,5ihS6UUlyQAfmp48eSkxuQ,"['album rock', 'classic rock', 'mellow gold', 'rock', 'soft rock', 'yacht rock']",sad
This Years Love,3l5GdoaOPPVWRjIgbTBejJ,"['acoustic pop', 'neo mellow', 'permanent wave', 'pop rock']",sad
Layer You Up,7orKxdC3ggGmXYQQ1Idpg2,[],sad
Details in the Fabric (feat. James Morrison),5F5hMibUXtXf2ZpkultdTk,"['acoustic pop', 'neo mellow', 'pop', 'pop rock', 'viral pop']",sad
90 MPH,4X6SrakJi0TGgsuevegjhn,[],sad
Suzanne,50LqU2nhdE3fmWOuqOjpjz,"['canadian singer-songwriter', 'folk', 'folk rock', 'melancholia', 'permanent wave', 'singer-songwriter']",sad
In The Winter,1IZiDJ78xouS1IhHhZhAUx,"['indie pop', 'scandipop', 'swedish indie folk']",sad
Lay Me Down,7E7sAg5qPv0cObXCWRsYMJ,"['dance pop', 'pop', 'post-teen pop', 'uk pop']",sad
Rivers,5XotsIxGpYPYddckIOPaDb,[],sad
She,06FuacHsetjXDheCZykXCJ,"['afrofuturism', 'british soul', 'neo soul']",sad
Nervous - Acoustic,1tnusyVNhzamoCgTG0RLf1,"['electro house', 'pop dance']",sad
Nana,1JmLA5HZ7Wp7L8DNctLpUW,"['modern alternative rock', 'modern rock', 'nu gaze', 'pop', 'rock']",sad
Don't Be A Fool,3EYTlYIg99FUQNVS4Y8Yf9,"['canadian pop', 'dance pop', 'pop', 'post-teen pop', 'viral pop']",sad
Walk on the Wild Side,0EFEkt29P7Icr7dO4vN6yk,"['art rock', 'classic rock', 'glam rock', 'permanent wave', 'psychedelic rock', 'rock', 'singer-songwriter']",sad
Like A Star,5Anh8jULgeUgciLHCR25Mk,"['british soul', 'neo mellow', 'neo soul', 'pop soul', 'r&b', 'soul']",sad
TALK ME DOWN,5hl649lzykBI2l0MeaVxPf,"['dance pop', 'edm', 'pop dance', 'pop edm', 'slap house', 'tropical house']",sad
Cherry Wine - Live,1ivHxaGL5ld9VS1zsYc4YN,"['irish singer-songwriter', 'modern rock', 'pop']",sad
Candy Says,45QBGwrHXLpbzbMgj6XokF,"['alternative rock', 'art rock', 'classic rock', 'folk rock', 'melancholia', 'permanent wave', 'protopunk', 'psychedelic rock', 'rock']",sad
Don't Worry About Me - Radio Edit,0Bfz4hqOiBhQPXt9ZjJu3T,"['bedroom pop', 'indie pop']",sad
Constellations,3deZQXBY8CJFbrTc2PbU34,['neo mellow'],sad
Fourth of July,4K3RZJ8sWPbv0IedcnEfw6,"['baroque pop', 'chamber pop', 'freak folk', 'indie folk', 'singer-songwriter']",sad
Everybody's Son,7LjIjnztu0pzLsSQO0wOha,[],sad
No Salesman,4DuSJpT7j6NtWiv91xC5V4,"['canadian folk', 'vancouver indie']",sad
Hatem Prayer Team,2kqz14M1QhTc9lH6g606pa,['spanish indie folk'],sad
Catch & Release,3vIr7kdsFkrxzo9HT5tsFq,"['neo-singer-songwriter', 'tropical house']",sad
Hurt,28cnXtME493VX9NOw9cIUh,"['contemporary country', 'country', 'country road']",sad
All the Pretty Girls,0QQIhT6PtJ5glyn4HKNKQ6,"['icelandic indie', 'icelandic rock', 'modern alternative rock', 'modern rock']",sad
Higher Love,7apw8m9lHQjvuUVfMAm4kZ,"['indie folk', 'irish singer-songwriter', 'neo mellow']",sad
Stay With Me,7IHOIqZUUInxjVkko181PB,"['dance pop', 'pop', 'post-teen pop', 'uk pop']",sad
Get On The Road,2D9dzHAQEy1hLYLYl8m0Fd,['northern irish indie'],sad
Beach,1PCE62a2UKCbJSIpIi27J8,"['icelandic folk', 'icelandic indie', 'indie anthem-folk', 'indie folk']",sad
Happy Ending,5hFDG2Yn9ke3u0lBi38vyM,"['deathcore', 'djent', 'melodic metalcore', 'metalcore', 'technical deathcore']",sad
Knockin' On Heaven's Door,2GSFSTeDDRw9WXpc63T6up,"['art pop', 'baroque pop', 'melancholia']",sad
Shine On,7JABqLtUM6HlzcsmQjSh8u,"['neo mellow', 'pop', 'pop rock']",sad
Mask,2ZAOSxoHWFcwFmvCDrHmK6,"['canadian indie folk', 'quebec indie']",sad
Tears Are in Your Eyes,3Jy2YYu8hChcsjAbL84O2f,"['alternative rock', 'anti-folk', 'art pop', 'dream pop', 'freak folk', 'indie pop', 'indie rock', 'lo-fi', 'new jersey indie', 'noise pop', 'permanent wave', 'rock']",sad
Making All Things New,59yRjmpE2VtyiEot3Ff9LM,"['indie folk', 'indiecoustica', 'stomp and flutter']",sad
All We Do,6Vigp41BietH0WoFZ52JI5,"['melodic rap', 'philly rap', 'rap', 'trap']",sad
No Other Way,5ibHSmHYm0OfFLKbShIC2U,"['british soul', 'neo mellow', 'pop rock', 'scottish singer-songwriter']",sad
Ghosts,7orSh74hf8AZYIFtBXWGLF,"['indie cafe pop', 'indie poptimism', 'modern rock', 'pop', 'pop rock']",sad
fragile (feat. WRENN),5AZRYcTovT2oGYpoOuCxqB,"['alt z', 'electropop', 'indie cafe pop', 'pop', 'sad rap', 'social media pop']",sad
Lost Direction,1GmegIC6H1z8tapAi7w0vN,['oxford indie'],sad
Laura,0PHTufT46ytsqcH8OsQHvp,"['alternative dance', 'art pop', 'brighton indie', 'chamber psych', 'dream pop', 'electronica', 'electropop', 'etherpop', 'metropopolis', 'neo-synthpop', 'new rave']",sad
Plastic Cup,0eS4BfEES8p0EOJt4YUSyF,"['dance pop', 'miami hip hop', 'pop', 'pop rap']",sad
As Much As I Ever Could,4yqFIIcm2h1yN35cg8h7iE,"['canadian folk', 'canadian indie']",sad
Broken,0Es86fEJ5PMGc4hXuRnrnO,"['modern rock', 'nottingham indie', 'rock']",sad
I Lost a Friend,49MMefftWPcltNP4OOJGSs,"['alt z', 'electropop', 'indie pop', 'pop', 'post-teen pop']",sad
3 Rounds and a Sound,4g5P3tDzraH0Er9eo7t9IA,"['indie folk', 'indie pop', 'new americana', 'portland indie', 'stomp and holler']",sad
Candy,4h5m56ExHLPUC9NGz7U1Qa,"['british soul', 'neo mellow', 'pop rock', 'scottish singer-songwriter']",sad
Just Visiting,2g4dxM4ykKDgv3XoZKEyVF,"['indie folk', 'nyc pop']",sad
Georgia,6Fha6tXHkL3r9m9nNqQG8p,"['folk-pop', 'modern rock', 'pop', 'pop rock']",sad
Touch,2ylVfK4pVfeSV4zxieyT2B,"['electropop', 'indie pop', 'indie poptimism', 'pop', 'vapor soul']",sad
Forest Fires,6AQ3guMjWgetjRpQASwrE5,"['icelandic folk', 'icelandic indie', 'indie anthem-folk', 'indie folk']",sad
Lonely,3Lp8Xd2K7TwlY32SPvXkvF,"['alt z', 'dance pop', 'electropop', 'pop', 'post-teen pop']",sad
Love Brought Weight,1H56ffyFrFcvMEWUg3WFbM,"['acoustic pop', 'indie anthem-folk', 'indie folk', 'indiecoustica', 'new americana', 'pop folk', 'stomp and holler']",sad
Familiar Fire,3pk2bn30vjMycCxOwtZRu8,"['chanson', 'french indie folk', 'french indie pop', 'french pop', 'french rock', 'nouvelle chanson francaise']",sad
Poor Boy / Lucky Man,5vsBCsRlaBxK3LCdq2tvk1,"['israeli pop', 'israeli rock']",sad
Awake Me,4H9aMftedBe0UEHv0IXYgQ,"['indie folk', 'irish singer-songwriter', 'new americana']",sad
Florida's Warm,18CnKlA6gNAaPdDdMn6wAv,"['alternative rock', 'art rock', 'madchester', 'new wave', 'post-punk', 'rock', 'uk post-punk']",sad
Half The World Away,21HfUACOv1lgBiYocruoW8,"['art pop', 'norwegian pop']",sad
Someone You Loved,7qEHsqek33rTcFNT9PFqLf,"['pop', 'uk pop']",sad
Stay Happy,7tuV9cleysQqDPQ66Z5FpR,"['alt z', 'deep pop edm', 'electropop', 'indie poptimism', 'pop']",sad
Heal,4KlL5Bwlm4yHYxr0B2rHci,"['modern rock', 'pop']",sad
IDK You Yet,47EWMOElkkbMp5m9SBkx7d,"['alt z', 'electropop', 'indie cafe pop', 'pop', 'post-teen pop', 'social media pop']",sad
Good Without,15OCqNPYoLziEAsbVnqRj5,"['alt z', 'indie cafe pop', 'uk pop']",sad
Is It Just Me? (feat. JP Cooper),754zNJgoWQaGETFzSYVlmC,"['alt z', 'indie cafe pop', 'uk pop']",sad
Train Wreck,55Am8neGJkdj2ADaM3aw5H,"['pop', 'post-teen pop', 'talent show', 'uk pop']",sad
Another Love,3JvKfv6T31zO0ini8iNItO,"['modern rock', 'pop']",sad
Black Hole - Acoustic Version,1cpVLszZnKUHUjsJDTEi3D,['uk pop'],sad
we'll be fine,4TRL1Y8sOR54I3AvRzUZHk,"['latin', 'puerto rican pop', 'reggaeton', 'trap latino']",sad
Arms Around You,32zCAMtxlehzVD0YOVzVkz,[],sad
Conversations in the Dark,6TYlDTa9AQDvjqwbxlvFyI,"['neo soul', 'pop', 'pop soul', 'r&b', 'urban contemporary']",sad
Learn To Let Go,139rcVdF6LMk1t7Cyex2uo,"['edm', 'pop', 'pop dance', 'tropical house']",sad
Don't Need Love - Acoustic,7wXCmUm9LMYdhhRkHzxt4L,[],sad
Unstable (feat. The Kid LAROI),137mSruegm1u6x9NvwiagR,"['canadian pop', 'pop', 'post-teen pop']",sad
What They'll Say About Us,27Y1N4Q4U3EfDU5Ubw8ws2,"['alt z', 'electropop', 'indie pop', 'pop', 'post-teen pop']",sad
Unconditional,2SSwlNE1JKhLZAjtKjxg6O,['chicago house'],sad
Haunted House,4vNxFySlHhuWuxOHvphZuP,"['alt z', 'indie pop', 'modern alternative pop', 'uk pop']",sad
Break My Heart - Piano Acoustic,7e5HVLu9xSydLebKSqBebM,"['indie anthem-folk', 'indie cafe pop', 'uk pop']",sad
if this is the last time,2ccNaerby1wXA993dY6XsR,"['la pop', 'pop', 'post-teen pop']",sad
lie to me,4f9IfFvBFm7Gsf1IVEudyf,"['alt z', 'dance pop', 'electropop', 'pop', 'post-teen pop']",sad
Seasons,2CEEKREL8eUBhNvsafRAsb,"['indie cafe pop', 'pop', 'uk pop']",sad
If The World Was Ending,6dTBKBqIN4324sThIkZpMj,"['alt z', 'canadian contemporary r&b', 'indie cafe pop', 'pop', 'post-teen pop']",sad
Crying Over You,53bCcVMGv0S2aIYvfju2Tt,"['alt z', 'electropop', 'hopebeat', 'indie cafe pop', 'indie pop', 'indie poptimism', 'modern alternative rock', 'modern rock', 'pop', 'pop rock']",sad
Body,6wQgV6ZYt1snXyQV69mGT4,['modern indie pop'],sad
Unlearn (with Gracie Abrams),6GH4tLwGW6HliKbZBdt6hD,"['canadian pop', 'pop', 'post-teen pop']",sad
"Beginning Middle End - From The Netflix Film ""To All The Boys: Always and Forever""",5Dz8nrwQlPLE68WaTEIqY5,['nashville singer-songwriter'],sad
Let Me Love You Like A Woman,4HvE2E9rXJDcQhE4YfeNuG,"['art pop', 'pop']",sad
I'm Not Ok,2smg1NNlkCgQNLbqwdn3bv,"['indie cafe pop', 'pop', 'pop rock', 'post-teen pop']",sad
Falling Up,71i3wlanzjflfYz0gkT2W8,"['alt z', 'australian pop', 'indie cafe pop', 'pop', 'pop rock', 'post-teen pop']",sad
London's Requiem,0TxJGoYx7racCE2idGNN0O,[],sad
Cool Girl,0FSOenCj42lbikl1vd5ah9,"['alt z', 'indie pop', 'pop']",sad
Runaway,1oKhOLQj9kU5W8asB5c1uW,"['art pop', 'norwegian pop']",sad
My Mistakes,01iY9wuMjG4Q5GMCebu27S,['irish pop'],sad
Blame,6pQUQdaZacg722q6sg6fPR,"['indie anthem-folk', 'indie cafe pop', 'pop', 'uk contemporary r&b', 'uk pop']",sad
Diamonds - Acoustic,4y8OZW2dyWRobsi2w0C64W,"['dance pop', 'pop', 'post-teen pop', 'uk pop']",sad
Young & Sad,0gySkOOewOdZtHG8stPEB8,"['alt z', 'dance pop', 'electropop', 'pop', 'post-teen pop']",sad
Seven,7FRICngbPiyTPEKF7wRC9G,['uk pop'],sad
I Miss You - Paddy's Song,6Lqa8EZSaGEl80rojsrz1B,"['electro house', 'pop dance']",sad
hurt so bad,5c1gKtJkR8dPjki25BU7Qz,"['alt z', 'indie cafe pop', 'irish pop']",sad
Wait For Me,3UktGQO4TaIN3Jn7YtJoZr,"['indie anthem-folk', 'indie cafe pop', 'uk pop']",sad
Elsewhere,28WzLDIBpcD5UhWIOktTrr,"['dance pop', 'electropop', 'pop', 'pop rap', 'post-teen pop']",sad
Can't Wait To Be Dead,0gqGNbqhZ0RLp3ypz51cHY,"['alt z', 'electropop', 'indie pop', 'pop', 'post-teen pop']",sad
Swingsets,6UElPL7agw60e5IaaQBptJ,['irish singer-songwriter'],sad
Call Me When It's Over,3pg8SqwcnJgHPcnWBY9tVB,"['alt z', 'indie anthem-folk', 'indie cafe pop', 'uk pop']",sad
Recover,6LNo6t9HD5rARtlh8rbi40,"['canadian pop', 'pop', 'post-teen pop']",sad
Bedroom Ceiling,1jXKRARVJQFG3jTvZEgxsP,[],sad
If We're Being Honest,6CfAtjogau9v9kmtZVrNG8,"['ambient folk', 'indie cafe pop', 'indie folk']",sad
"Boring, Happy, Beautiful",0W4prfO7VR3dDo1PfINTXE,[],sad
Overused (feat. gnash),74I76sDq0rPJV3FP4fq44d,"['alt z', 'electropop', 'indie cafe pop', 'pop', 'post-teen pop', 'social media pop', 'swedish pop', 'viral pop']",sad
Slow Motion,09svEvkmTi9vw4kWRyBC6X,"['alt z', 'dance pop', 'electropop', 'indie cafe pop', 'indie poptimism', 'pop', 'post-teen pop', 'social media pop']",sad
Rescue Me,4f4cfvGeRK3t2rNZcB4ybd,"['edm', 'pop', 'pop dance', 'tropical house']",sad
Charlotte,7wDn727BWO03K7A4kNoVtw,[],sad
Crawl,4UwI05z2cvRJpChY8qmOop,[],sad
Love You Twice,7xWIEXBRkxD30V28lTjVJg,['irish singer-songwriter'],sad
Why Can't You See Me?,02ep6lpHWdBFRo1z38PMNr,"['baroque pop', 'brill building pop', 'classic rock', 'folk rock', 'psychedelic rock', 'rock', 'sunshine pop']",sad
Part Of Me,6NbdLcRduH8VWgBrX2fJby,"['indie anthem-folk', 'uk contemporary r&b', 'uk hip hop']",sad
Save Your Tears,5QO79kh1waicV47BqGRL3g,"['canadian contemporary r&b', 'canadian pop', 'pop']",sad
bloody nose,2O4e8Bd8oqd9Q59y0VlYio,[],sad
See You Again (feat. Charlie Puth),00SNGvA3aGn5uE2uGGhOJR,"['pop', 'pop rock']",sad
America on Fire,3crugrw4UrnTorjjIWc7Z0,"['deep underground hip hop', 'vapor trap']",sad
Heartbreak Anniversary,3FAJ6O0NOHQV8Mc5Ri6ENp,"['pop', 'r&b']",sad
Talking to the Moon,1wVuPmvt6AWvTL5W2GJnzZ,"['dance pop', 'pop']",sad
Toxic,14Sh3R3t5w86Qhu3tumP8L,"['dance pop', 'pop']",sad
Arcade,1Xi84slp6FryDSCbzq4UCD,['dutch pop'],sad
Faded,7gHs73wELdeycvS48JfIos,"['electro house', 'pop dance']",sad
death bed (coffee for your head),7eJMfftS33KTjuF7lTsMCx,"['emo rap', 'sad rap']",sad
We Don't Talk Anymore (feat. Selena Gomez),68EMU2RD1ECNeOeJ5qAXCV,"['hip hop', 'pittsburgh rap', 'pop rap', 'rap', 'southern hip hop', 'trap']",sad
Hello,1MDoll6jK4rrk2BcFRP5i7,"['british soul', 'pop', 'pop soul', 'uk pop']",sad
Memories,2b8fOow8UzyDFAE27YhOZM,"['pop', 'pop rock']",sad
Why,5m709dCjbKSbA9eBAuyu0P,"['neo soul', 'r&b']",sad
When I Was Your Man,0nJW01T7XtvILxQgC5J7Wh,"['dance pop', 'pop']",sad
Dancing With The Devil,2kONpeXXK70YEs7c0UQbmq,"['dance pop', 'pop', 'post-teen pop']",sad
Rolling in the Deep,1eq1wUnLVLg4pdEfx9kajC,"['british soul', 'pop', 'pop soul', 'uk pop']",sad
Hold On,5vjLSffimiIP26QG5WcN2K,['acoustic pop'],sad
Sweet Dreams - Radio Killer Remix,6p03zfug7944jEQhNGpEbF,"['neo soul', 'r&b']",sad
Grenade,4lLtanYk6tkMvooU0tWzG8,"['dance pop', 'pop']",sad
Anywhere Away From Here (Rag’n’Bone Man & P!nk),3sZWxtVuRc1Iet6ELwRz43,['neo soul'],sad
Just Give Me a Reason (feat. Nate Ruess),1mKXFLRA179hdOWQBwUk9e,"['dance pop', 'pop', 'post-teen pop']",sad
I'm Not The Only One,2hYlWnPvVZtQZGWfb35HPQ,"['dance pop', 'pop', 'post-teen pop', 'uk pop']",sad
Always Remember Us This Way,2rbDhOo9Fh61Bbu23T2qCk,"['dance pop', 'pop', 'post-teen pop']",sad
Impossible,5yVIlYEHZxQVLyInCdldoS,"['pop', 'post-teen pop', 'talent show', 'uk pop']",sad
Without Me,5p7ujcrUXASCNwRaWNHR1C,"['ohio hip hop', 'pop rap']",sad
Lonely (with benny blanco),4y4spB9m0Q6026KfkAvy9Q,"['canadian pop', 'pop', 'post-teen pop']",sad
ocean eyes,7hDVYcQq6MxkdJGweuCtl9,"['electropop', 'pop']",sad
Apologize,24nRdDUUIdM2mv1YdwMdu6,"['canadian latin', 'canadian pop', 'dance pop', 'pop', 'pop rap']",sad
Call Out My Name,4MPTj8lMMvxLwT3EwuXFop,"['canadian contemporary r&b', 'canadian pop', 'pop']",sad
Monster (Shawn Mendes & Justin Bieber),2Z8yfpFX0ZMavHkcIeHiO1,"['canadian pop', 'dance pop', 'pop', 'post-teen pop', 'viral pop']",sad
Too Good At Goodbyes,1mXVgsBdtIVeCLJnSnmtdV,"['dance pop', 'pop', 'post-teen pop', 'uk pop']",sad
"I Don’t Wanna Live Forever (Fifty Shades Darker) - From ""Fifty Shades Darker (Original Motion Picture Soundtrack)""",3NdDpSvN911VPGivFlV5d0,"['dance pop', 'pop', 'post-teen pop', 'uk pop']",sad
Lose You To Love Me,4l0Mvzj72xxOpRrp6h8nHi,"['dance pop', 'pop', 'post-teen pop']",sad
Payphone,1XGmzt0PVuFgQYYnV2It7A,"['pop', 'pop rock']",sad
Lost on You,3cCjughRXDNWBQMWDOSoBn,['florida rap'],sad
Minefields,1OU4E4HiVjdak0mL4blVWT,"['alt z', 'canadian pop', 'dance pop', 'pop', 'post-teen pop']",sad
Heat Waves,6CDzDgIUqeDY5g8ujExx2f,"['gauze pop', 'indietronica', 'shiver pop']",sad
I'll Never Love Again - Film Version - Radio Edit,3DKpA54hrFIdPN6AtL9HXa,"['dance pop', 'pop', 'post-teen pop']",sad
Angels Like You,0QdePZJfBpRIBautuT4FSx,['australian hip hop'],sad
What If I Told You That I Love You,3cqPu20DGTGUoZtbJH2Dmi,"['canadian hip hop', 'pop']",sad
The Heart Wants What It Wants,7pJgjBf82BrUQ3z7HdQvW1,"['dance pop', 'pop', 'post-teen pop']",sad
Because of You,3f3omU8n47Mqyab5nCaGyT,"['dance pop', 'neo mellow', 'pop', 'pop rock', 'post-teen pop', 'talent show', 'urban contemporary']",sad
Control,50Td3qilgs8BLtv8mHyT1t,['german pop'],sad
Prayer in C - Robin Schulz Remix,55VrSoB455eW5iiXxpILCV,"['french indie pop', 'french rock']",sad
No Air (feat. Chris Brown),1jUA4rb6ZCv4gby4YU53xq,"['dance pop', 'pop', 'pop rap', 'pop rock', 'post-teen pop', 'r&b', 'urban contemporary']",sad
Bleeding Love,7wZUrN8oemZfsEd1CGkbXE,"['british soul', 'dance pop', 'europop', 'neo soul', 'pop', 'post-teen pop', 'talent show', 'urban contemporary']",sad
Mad at Disney,7aGyRfJWtLqgJaZoG9lJhE,"['alt z', 'modern indie pop', 'social media pop']",sad
I Fall Apart,2mdxJLJHzFmiiYdTZ8JcyH,"['dfw rap', 'melodic rap', 'rap']",sad
Mercy,0Zxswuv5xzIhxDnsKJLq82,"['canadian pop', 'dance pop', 'pop', 'post-teen pop', 'viral pop']",sad
Rehab,5X3ahLXhOw16BR09GjYPUT,"['detroit hip hop', 'hip hop', 'rap']",sad
Born To Die,4Ouhoi2lAhrLJKFzUqEzwl,"['art pop', 'pop']",sad
Shape of My Heart,2rgHU2Zgd6owbyavzhrk8U,"['boy band', 'dance pop']",sad
If the World Was Ending - feat. Julia Michaels,2kJwzbxV2ppxnQoYw4GLBZ,"['alt z', 'canadian contemporary r&b', 'indie cafe pop', 'pop', 'post-teen pop']",sad
Little Bit of Love,2sX7lJXsOYGP1Us6CqM9t1,"['indie cafe pop', 'modern rock', 'uk pop']",sad
Girls Like Us,5SFXOMJJ334Wn2PwBHeRZN,['german pop'],sad
Wish You Were Here,4JAf3CkbJ2RdeX0SsKr3mF,"['canadian pop', 'candy pop', 'dance pop', 'pop', 'post-teen pop']",sad
Ghost,6I3mqTwhRpn34SLVafSH7G,"['canadian pop', 'pop', 'post-teen pop']",sad
What Other People Say,2h9TDNEXRhcDIV3fsoEVq9,"['australian pop', 'dance pop', 'indie cafe pop', 'pop', 'post-teen pop', 'uk pop']",sad
Last Night,24NPziq3dayIMKppeI94Um,"['dance pop', 'hip pop', 'neo soul', 'pop', 'pop r&b', 'pop rap', 'r&b', 'urban contemporary']",sad
WITHOUT YOU,27OeeYzk6klgBh83TSvGMA,['australian hip hop'],sad
exile (feat. Bon Iver),4pvb0WLRcMtbPGmtejJJ6y,"['pop', 'post-teen pop']",sad
Sad Song (feat. Elena Coats),05CrK6Q5VGtfPDtyQFJ4Kf,"['neon pop punk', 'piano rock', 'pop punk', 'pop rock', 'post-teen pop']",sad
What About Us,31MkGwj0SWgZaTvEt5Hgxv,"['dance pop', 'pop', 'post-teen pop']",sad
Diamond Heart,4J4zx8xGJpuGndrVc06KaT,"['electro house', 'pop dance']",sad
So Sick,5203pcq3cNteJuOVhIEnt6,"['dance pop', 'latin', 'miami hip hop', 'pop', 'pop rap']",sad
What Goes Around.../...Comes Around (Interlude),4NH5VZpm6y2Erde00suNUa,"['dance pop', 'pop']",sad
Who (feat. BTS),2qG81jL9UIP54uS8gYyP4k,"['electropop', 'pop', 'post-teen pop']",sad
Fine Line,6VzcQuzTNTMFnJ6rBSaLH9,"['pop', 'post-teen pop']",sad
Won't Go Home Without You,6WEBwvsmpaoGxka0tSh5a7,"['pop', 'pop rock']",sad
Set Fire to the Rain,5PKWUDfQFtc5qqo8cs1gQp,"['british soul', 'pop', 'pop soul', 'uk pop']",sad
Black Hole,6xw8ld1ztoCKifwTN6uGDq,['uk pop'],sad
